,retail_sales,oil_price_oil,oil_price_mom_oil,oil_price_yoy_oil,oil_volatility_1m_oil,oil_volatility_3m_oil,oil_price_30d_avg_oil,oil_price_90d_avg_oil,oil_price_180d_avg_oil,oil_momentum_oil,iip_durable_iip,iip_nondurable_iip,iip_combined_iip,iip_durable_yoy_iip,iip_nondurable_yoy_iip,iip_combined_yoy_iip,iip_durable_mom_iip,iip_nondurable_mom_iip,iip_combined_mom_iip,iip_durable_3m_avg_iip,iip_durable_6m_avg_iip,iip_nondurable_3m_avg_iip,iip_nondurable_6m_avg_iip,iip_combined_3m_avg_iip,iip_combined_6m_avg_iip,cpi_index_cpi,inflation_mom_cpi,inflation_yoy_cpi,cpi_3m_avg_cpi,cpi_6m_avg_cpi,lending_rate_lending,interest_rate_lending,rate_spread_lending,lending_rate_mom_lending,lending_rate_3m_avg_lending,lending_rate_6m_avg_lending,wpi_index_wpi,wpi_inflation_wpi,wpi_mom_wpi,wpi_3m_avg_wpi,wpi_6m_avg_wpi,interest_rate_repo,usd_inr_usd_inr,log_retail_sales
2015-01-01,2100.5,46.5866174285714,-23.891877830125484,-54.169622147383954,14.848010792462558,21.5273118229983,101.34202996081012,92.6003348124637,66.58685987031706,0.094402414052285,-0.3,3.5,1.6,-104.22535211267603,-16.666666666666675,-71.68141592920354,-104.61538461538464,-22.22222222222222,-70.9090909090909,5.233333333333333,3.1666666666666665,5.4,2.333333333333333,5.316666666666667,2.75,119.5,0.0837520938023361,5.193661971830998,119.66666666666669,119.91666666666669,14.0,6.58,7.6867,-0.3558718861210064,14.166666666666666,14.4,110.8,-2.464788732394363,-1.1596788581623496,112.33333333333331,114.36666666666667,6.689130434782608,62.14,7.649930690609437
2015-02-01,2050.3,56.4303821666666,20.049971569040075,-46.8581696727932,16.854802970701414,21.72182245453078,99.55409993303236,92.46086865219432,66.30331340236009,0.0767160354887028,2.3,9.6,5.949999999999999,-68.49315068493152,585.7142857142858,36.7816091954023,-866.6666666666666,174.28571428571428,271.87499999999994,2.8333333333333326,2.4000000000000004,5.866666666666667,3.6666666666666665,4.3500000000000005,3.0333333333333328,119.7,0.1673640167364043,5.369718309859173,119.53333333333336,119.81666666666666,14.0,6.58,7.6867,-0.3558718861210064,14.166666666666666,14.4,109.6,-3.521126760563376,-1.0830324909747335,110.83333333333331,113.1,6.689130434782608,62.14,7.625741402889001
2015-03-01,2200.8,55.1767760909091,-2.221509101347185,-47.59805760180886,18.52470968264791,21.99761115158176,97.66762981939596,92.24309278375998,65.85509668479875,0.0588069726624671,4.6,7.6,6.1,-41.77215189873419,660.0,37.07865168539324,100.0,-20.833333333333336,2.521008403361358,2.1999999999999997,1.7500000000000002,6.9,4.616666666666666,4.55,3.183333333333332,120.2,0.417710944026739,5.25394045534151,119.8,119.83333333333331,14.0,6.58,7.6867,-0.3558718861210064,14.166666666666666,14.4,109.9,-3.849518810148722,0.2737226277372384,110.1,112.01666666666668,6.689130434782608,62.14,7.696576209610365
2015-04-01,2150.2,59.0703075999999,7.056467928963128,-44.03854130759267,19.65992963149739,22.23361634166113,95.97702060303232,92.01801659767304,66.05820950479877,0.0430242266867051,1.8,5.7,3.75,-18.181818181818187,185.0,78.57142857142856,-60.86956521739131,-24.99999999999999,-38.52459016393443,2.899999999999999,4.066666666666667,7.633333333333333,6.516666666666667,5.266666666666667,5.291666666666665,120.7,0.4159733777038266,4.865334491746309,120.2,119.93333333333334,14.0,6.58,7.6867,-0.3558718861210064,14.166666666666666,14.4,110.2,-3.4180543382997253,0.2729754322110977,109.9,111.11666666666667,6.689130434782608,62.14,7.673316140051128
2015-05-01,2050.6,63.821381,8.04308220666876,-40.271919600684654,20.37300306753492,22.42970822785082,94.50870839827044,91.73706512465716,66.26499495479877,0.0302129054362816,-1.1,4.2,1.55,-109.82142857142858,133.33333333333334,-76.15384615384615,-161.11111111111111,-26.315789473684216,-58.66666666666666,1.766666666666666,2.3000000000000003,5.833333333333333,5.8500000000000005,3.8000000000000007,4.074999999999999,121.6,0.7456503728251684,5.008635578583753,120.83333333333331,120.18333333333334,14.0,6.58,7.6867,-0.3558718861210064,14.166666666666666,14.4,111.4,-2.9616724738675937,1.0889292196007316,110.5,110.66666666666669,6.689130434782608,63.63,7.625887712235991
2015-06-01,2080.9,61.7454641904761,-3.2526980409964823,-43.38079253362535,21.072863645344142,22.648385601938056,92.9908583098828,91.44622289344022,66.44974753363475,0.0168911888054961,7.7,-0.1,3.8,120.0,-102.56410256410255,2.7027027027026973,-800.0,-102.38095238095238,145.16129032258064,2.7999999999999994,2.5000000000000004,3.266666666666667,5.083333333333333,3.0333333333333337,3.791666666666666,123.0,1.1513157894736947,5.398457583547556,121.76666666666668,120.78333333333336,14.0,6.58,7.6867,-0.3558718861210064,14.166666666666666,14.4,111.8,-2.951388888888895,0.3590664272890453,111.13333333333333,110.61666666666666,6.689130434782608,63.59,7.640555771418734
2015-07-01,2120.4,56.3000302272727,-8.81916434607245,-47.03474495260927,21.857965943040178,22.948836355319997,91.21581809018586,91.07713929495536,66.61108103489737,0.0015226520760758,3.8,-6.6,-1.4,-51.28205128205128,-195.65217391304347,-119.04761904761904,-50.64935064935065,5987.000000000006,-136.84210526315786,3.4666666666666663,3.1833333333333336,-0.833333333333333,3.4,1.3166666666666675,3.2916666666666656,123.6,0.4878048780487809,3.691275167785224,122.73333333333332,121.46666666666668,14.0,6.58,7.6867,-0.3558718861210064,14.166666666666666,14.4,111.1,-4.798628963153395,-0.6261180679785316,111.43333333333334,110.66666666666669,6.689130434782608,63.55,7.659360029113651
2015-08-01,2180.7,47.3274333333333,-15.93710848416724,-53.551369233384015,22.877991829977244,23.406898170682613,89.03754673833403,90.57661925012108,66.71662872639568,-0.016991940354243,1.8,1.5,1.65,-73.91304347826086,-6.25,-61.1764705882353,-52.63157894736842,-122.72727272727272,-217.8571428571429,4.433333333333333,3.1,-1.7333333333333332,2.0500000000000003,1.3500000000000008,2.5749999999999997,124.8,0.9708737864077666,3.740648379052369,123.8,122.31666666666666,14.0,6.58,7.6867,-0.3558718861210064,14.166666666666666,14.4,110.0,-5.246400144877611,-0.99009900990098,110.96666666666664,110.73333333333332,6.689130434782608,64.945,7.687401205158699
2015-09-01,2250.2,46.1048685999999,-2.583205230511288,-52.44915492054216,23.9232410747658,23.849479929945915,87.02605335833404,89.98045312900996,66.79865577417347,-0.0328337952070549,-2.8,1.6,-0.5999999999999999,-132.94117647058823,-15.78947368421052,-111.53846153846156,-255.55555555555557,6.666666666666665,-136.36363636363637,0.9333333333333328,1.8666666666666671,-1.1666666666666663,1.05,-0.1166666666666658,1.4583333333333328,125.4,0.480769230769229,4.412989175686932,124.59999999999998,123.18333333333332,14.0,6.58,7.6867,-0.3558718861210064,14.166666666666666,14.4,109.9,-5.246400144877611,-0.0909090909090859,110.33333333333331,110.73333333333332,6.689130434782608,66.34,7.7187743801369715
2015-10-01,2400.5,46.6752607272727,1.2371624615644228,-46.24377491129371,24.853624888532096,24.220860992569943,85.19606858098918,89.32439876840388,66.88851833376943,-0.0462172737162043,17.7,15.3,16.5,-246.2809917355372,-368.42105263157896,-285.39325842696627,-732.1428571428571,856.25,-1721.0625000000005,5.5666666666666655,4.516666666666667,6.133333333333334,2.6500000000000004,5.8500000000000005,3.5833333333333326,126.1,0.5582137161084466,4.995836802664444,125.43333333333334,124.08333333333331,14.0,6.58,7.6867,-0.3558718861210064,14.166666666666666,14.4,110.1,-4.757785467128029,0.1819836214740577,110.0,110.71666666666664,6.689130434782608,65.57,7.783432327970995
2015-11-01,2600.8,42.50400515,-8.936759028826181,-45.21370197336479,25.84350138329825,24.480701056484524,83.2429670947611,88.45323258732202,66.95283713131992,-0.0589041840547465,-4.5,5.3,0.3999999999999999,-147.36842105263156,-35.36585365853659,-95.48022598870055,-125.42372881355932,-65.359477124183,-97.57575757575758,3.4666666666666663,3.9500000000000006,7.399999999999999,2.833333333333334,5.433333333333334,3.3916666666666657,126.6,0.3965107057890549,5.412156536219825,126.03333333333336,124.91666666666669,14.0,6.58,7.6867,-0.3558718861210064,14.166666666666666,14.4,109.9,-3.6809815950920144,-0.1816530426884566,109.96666666666664,110.46666666666664,6.689130434782608,66.0222950819672,7.8635743689896955
2015-12-01,2850.3,35.6808883809523,-16.052879593272163,-41.70846560837227,27.01780167355901,24.7055077843066,81.06195909079284,87.40840517912098,67.02189762232523,-0.0726068171055487,5.2,5.4,5.300000000000001,-20.0,20.000000000000018,-3.6363636363636265,-215.5555555555556,1.8867924528301885,1225.0000000000005,6.133333333333333,3.533333333333333,8.666666666666666,3.75,7.400000000000001,3.6416666666666657,126.1,-0.3949447077409185,5.611390284757101,126.26666666666664,125.43333333333334,14.0,6.58,7.6867,-0.3558718861210064,14.166666666666666,14.4,109.4,-2.408563782337192,-0.4549590536851666,109.8,110.06666666666668,6.689130434782608,66.46,7.955179530880813
2016-01-01,2300.5,28.0787982,-21.305776077622983,-39.72775927968667,28.29235095489528,25.01471121705596,78.50259399456098,86.24848906733354,67.0444465012141,-0.0898090523849686,3.1,3.5,3.3,-1133.3333333333337,0.0,106.24999999999996,-40.38461538461539,-35.18518518518518,-37.73584905660379,1.2666666666666668,3.4166666666666674,4.733333333333333,5.433333333333334,3.0000000000000013,4.425,126.3,0.1586042823156219,5.690376569037658,126.33333333333331,125.88333333333333,14.0,6.58,7.6867,-0.3558718861210064,14.166666666666666,14.4,108.0,-2.527075812274371,-1.279707495429616,109.1,109.55,6.689130434782608,67.19,7.740881769595523
2016-02-01,2250.3,30.5255918947368,8.714025711886752,-45.90575019573719,29.01574434044732,25.528413687376933,75.9049570928066,85.33150247462956,67.07003312285153,-0.1104696988621011,6.7,1.4,4.05,191.304347826087,-85.41666666666666,-31.93277310924369,116.1290322580645,-60.00000000000001,22.72727272727273,5.0,4.233333333333333,3.433333333333333,5.416666666666667,4.216666666666668,4.824999999999999,126.0,-0.2375296912114022,5.263157894736836,126.13333333333333,126.08333333333331,14.0,6.58,7.6867,-0.3558718861210064,14.166666666666666,14.4,107.1,-2.2810218978102204,-0.8333333333333415,108.16666666666669,109.06666666666666,6.689130434782608,67.92,7.7188188196437
2016-03-01,2350.8,36.4213091428571,19.314014511007183,-33.99159624177851,29.16674647782508,26.01234635168717,73.47014368328281,84.66048489187344,67.1400403958674,-0.1321790351529723,2.2,-3.7,-0.75,-52.17391304347825,-148.6842105263158,-112.29508196721312,-67.16417910447761,-364.28571428571433,-118.5185185185185,4.000000000000001,5.066666666666667,0.3999999999999999,4.533333333333333,2.2000000000000006,4.8,126.0,0.0,4.825291181364388,126.1,126.18333333333332,14.0,6.58,7.6867,-0.3558718861210064,14.166666666666666,14.4,107.7,-2.0018198362147466,0.5602240896358524,107.6,108.7,6.689130434782608,67.75,7.762510974738495
2016-04-01,2300.2,39.8790945714285,9.493852664682546,-32.488764335758134,29.064342173249265,26.38853275953655,71.22032947960315,84.33556897970412,67.22370203237533,-0.1555125513323711,9.3,0.2,4.75,416.6666666666667,-96.49122807017544,26.66666666666666,322.72727272727275,-105.4054054054054,-733.3333333333333,6.066666666666667,3.6666666666666674,-0.7000000000000001,2.0166666666666666,2.6833333333333336,2.8416666666666663,127.3,1.031746031746028,5.468102734051361,126.43333333333332,126.38333333333333,14.0,6.58,7.6867,-0.3558718861210064,14.166666666666666,14.4,109.0,-1.0889292196007316,1.20705663881151,107.93333333333334,108.51666666666668,6.689130434782608,66.34,7.740751354658481
2016-05-01,2200.6,45.00680585,12.858143680737587,-29.480050188823093,28.653516012223392,26.47969390889706,69.16872952380952,84.27000420025968,67.3240176204309,-0.1792010670910068,9.9,11.3,10.6,-1000.0,169.0476190476191,583.8709677419356,6.451612903225801,5550.0,123.15789473684214,7.133333333333334,6.066666666666667,2.6,3.016666666666667,4.866666666666667,4.541666666666667,128.6,1.021209740769824,5.756578947368429,127.3,126.71666666666664,14.0,6.58,7.6867,-0.3558718861210064,14.166666666666666,14.4,110.4,-0.8976660682226245,1.2844036697247765,109.03333333333336,108.6,6.689130434782608,66.88098360655738,7.696485329435812
2016-06-01,2280.9,46.9631119318181,4.3466894503425335,-23.940790554357992,27.923221665280327,26.37026500335772,67.11021926320345,84.34057840783544,67.43697935338544,-0.2042950080483589,4.5,11.4,7.95,-41.55844155844156,-6823.0,109.21052631578948,-54.54545454545454,0.8849557522123908,-25.00000000000001,7.900000000000001,5.95,7.633333333333333,4.016666666666667,7.766666666666667,4.9833333333333325,130.1,1.1664074650077794,5.772357723577226,128.66666666666666,127.38333333333333,14.0,6.58,7.6867,-0.3558718861210064,14.166666666666666,14.4,111.7,-0.0894454382826426,1.1775362318840576,110.36666666666667,108.98333333333336,6.689130434782608,67.44,7.732325380902501
2016-07-01,2320.4,43.519136675,-7.333362537427512,-22.701397318400407,27.280620994368984,26.37833813597005,65.05102386665585,84.33539039720678,67.54547455713544,-0.2286628002754775,0.2,14.5,7.35,-94.73684210526316,-319.69696969696975,-625.0,-95.55555555555556,27.192982456140346,-7.547169811320764,4.866666666666667,5.466666666666668,12.4,5.8500000000000005,8.633333333333335,5.658333333333332,131.1,0.768639508070712,6.067961165048552,129.93333333333334,128.18333333333334,14.0,6.58,7.6867,-0.3558718861210064,14.166666666666666,14.4,111.8,0.6300630063006407,0.0895255147717044,111.3,109.61666666666667,6.689130434782608,67.24,7.749494863591909
2016-08-01,2380.7,44.3849789285714,1.9895667049590005,-6.217227932133596,26.385882017371767,26.35816160920291,62.99091467260826,84.34836762974646,67.65311332896084,-0.2532052908348903,7.3,11.3,9.3,305.55555555555554,653.3333333333334,463.6363636363637,1121.4909090909146,-22.06896551724138,26.530612244897966,4.000000000000001,5.566666666666667,12.4,7.5,8.200000000000001,6.533333333333334,131.1,0.0,5.048076923076916,130.76666666666665,129.03333333333333,14.0,6.58,7.6867,-0.3558718861210064,14.166666666666666,14.4,111.2,1.090909090909098,-0.5366726296958779,111.56666666666666,110.3,6.689130434782608,66.63,7.775149841068463
2016-09-01,2450.2,44.4808601666666,0.2160218173123507,-3.5224228647585787,25.339018999579977,26.383824610907148,60.96376708292576,84.33124649775992,67.76250699655344,-0.277091592799531,10.3,12.7,11.5,-467.8571428571429,693.7499999999999,-2006.105263157895,41.09589041095892,12.389380530973447,23.655913978494624,5.933333333333335,6.916666666666668,12.833333333333334,10.233333333333333,9.383333333333336,8.575000000000001,130.9,-0.1525553012967084,4.385964912280693,131.03333333333333,129.85,14.0,6.58,7.6867,-0.3558718861210064,14.166666666666666,14.4,111.4,1.364877161055511,0.1798561151079125,111.46666666666664,110.91666666666669,6.689130434782608,66.85,7.80392493286007
2016-10-01,2650.5,49.2526210833333,10.727672303969072,5.521898144544557,23.97051833186611,26.396844185908375,59.087009809036864,84.32143560007474,67.92474378034973,-0.2992646604206476,1.5,5.6,3.55,-91.52542372881356,-63.39869281045751,-78.48484848484848,-85.4368932038835,-55.90551181102362,-69.1304347826087,6.366666666666667,5.616666666666667,9.866666666666667,11.133333333333333,8.116666666666667,8.375,131.4,0.381970970206269,4.203013481364004,131.13333333333333,130.53333333333333,14.0,6.58,7.6867,-0.3558718861210064,14.166666666666666,14.4,111.5,1.2715712988192518,0.0897666068222502,111.36666666666667,111.33333333333331,6.689130434782608,66.77622950819672,7.882503580427861
2016-11-01,2800.8,44.4561943181818,-9.738419315869818,4.5929534435457775,22.334183156040613,26.586548996497697,57.007108738161456,84.1709115323138,68.07038930433963,-0.3227219748442901,6.8,3.3,5.05,-251.11111111111111,-37.735849056603776,1162.5000000000002,353.3333333333333,-41.07142857142857,42.253521126760575,6.2,5.1000000000000005,7.199999999999999,9.8,6.7,7.449999999999999,131.2,-0.1522070015220866,3.633491311216419,131.16666666666666,130.96666666666667,14.0,6.58,7.6867,-0.3558718861210064,14.166666666666666,14.4,111.9,1.8198362147406664,0.3587443946188484,111.6,111.58333333333331,6.680366543185805,66.7,7.937660369640456
2016-12-01,3050.3,52.7356491249999,18.623849687988137,47.798027229479054,20.0596579704827,26.74635139089585,55.129833102645584,83.98891567663198,68.2620317994785,-0.3436058477656448,-5.0,-0.2,-2.6,-196.15384615384613,-103.7037037037037,-149.0566037735849,-173.52941176470588,-106.06060606060606,-151.4851485148515,1.1000000000000003,3.516666666666667,2.9,7.866666666666667,2.0,5.6916666666666655,130.4,-0.609756097560965,3.4099920697858943,131.0,131.01666666666668,14.0,6.58,7.6867,-0.3558718861210064,14.166666666666666,14.4,111.7,2.10237659963437,-0.178731009830213,111.7,111.58333333333331,6.671885357769545,68.29,8.022995225420104
2017-01-01,2500.5,54.07752825,2.5445389357385606,92.59203283849946,17.578914044154118,26.856637281294585,53.38921217158498,83.869503659603,68.4573514008674,-0.3634252041329214,-2.0,9.6,3.8,-164.51612903225805,174.28571428571428,15.15151515151516,-60.0,-2397.0,-246.15384615384616,-0.0666666666666661,3.1500000000000004,4.233333333333333,7.05,2.083333333333333,5.1,130.3,-0.0766871165644111,3.1670625494853555,130.63333333333335,130.88333333333333,14.0,6.58,7.6867,-0.3558718861210064,14.166666666666666,14.4,112.6,4.259259259259252,0.8057296329453845,112.06666666666666,111.71666666666668,6.6631214661727425,67.845,7.824245990858959
2017-02-01,2450.3,54.8626847,1.4519089082071668,79.72684981567674,15.014309289100884,27.00199508665297,51.82156872491832,83.67932024398895,68.6536441667446,-0.3807123603081506,-4.6,10.4,2.9000000000000004,-168.65671641791045,642.857142857143,-28.395061728395056,129.99999999999997,8.333333333333348,-23.684210526315773,-3.866666666666666,1.1666666666666674,6.599999999999999,6.9,1.3666666666666665,4.033333333333332,130.6,0.2302379125095788,3.650793650793638,130.43333333333337,130.8,13.948333333333332,6.562777777777778,7.6074777777777784,-0.6023414110602813,14.097777777777779,14.359814814814815,113.0,5.50887021475257,0.355239786856143,112.43333333333334,112.01666666666668,6.65435757457594,67.4,7.8039657450221
2017-03-01,2550.8,51.4696296521739,-6.184631806445484,41.3173520212907,12.361238512685212,27.16364048337296,50.3052532451423,83.49896446234645,68.81008655370111,-0.3975344057371242,-0.6,7.5,3.45,-127.27272727272728,-302.70270270270265,-560.0,-86.95652173913044,-27.884615384615387,18.96551724137929,-2.399999999999999,-0.6499999999999994,9.166666666666666,6.033333333333334,3.3833333333333333,2.691666666666666,130.9,0.2297090352220587,3.888888888888897,130.6,130.79999999999998,13.901666666666667,6.547222222222222,7.535922222222222,-0.8249590464893037,14.035555555555556,14.323518518518517,113.2,5.106778087279484,0.1769911504424737,112.93333333333334,112.31666666666666,6.646441801520764,66.83,7.844162314441117
2017-04-01,2500.2,52.4906910555555,1.9838133871990624,31.62458079768595,10.276852072057748,27.3384461866734,49.160688334295735,83.27036893367081,68.96264925022189,-0.4096256692046749,-0.7,8.8,4.050000000000001,-107.5268817204301,3998.9999999999955,-14.736842105263149,16.666666666666675,17.333333333333336,17.391304347826097,-1.966666666666666,-1.0166666666666662,8.9,6.566666666666666,3.4666666666666672,2.775,131.1,0.1527883880825031,2.9850746268656803,130.86666666666667,130.75,13.85,6.529999999999999,7.4567000000000005,-1.0714285714285787,13.966666666666669,14.283333333333331,113.2,3.8532110091743066,0.0,113.13333333333333,112.6,6.637677909923961,65.51885245901639,7.824126007656463
2017-05-01,2400.6,50.567623025,-3.6636363360508017,12.355502840022137,8.774398032771773,27.548664539978216,48.260227390129074,82.97233289783748,69.10472012693081,-0.41835759337331,0.6,9.7,5.15,-93.93939393939394,-14.15929203539824,-51.415094339622655,-185.7142857142857,10.227272727272709,27.160493827160455,-0.2333333333333327,-2.0499999999999994,8.666666666666666,7.633333333333333,4.216666666666668,2.791666666666666,131.4,0.2288329519450904,2.177293934681201,131.13333333333333,130.78333333333333,13.817032967032967,6.529999999999999,7.4567000000000005,-0.9562394799630534,13.933699633699634,14.228388278388277,112.9,2.264492753623193,-0.2650176678445248,113.1,112.76666666666668,6.6291967245077,64.25,7.783473985091244
2017-06-01,2480.9,46.555774,-7.933631808275021,-0.8673571981547501,8.42969420159978,27.80318868612433,47.77171658219256,82.65610569095917,69.2297421283197,-0.4220424954351826,-3.5,4.8,0.6499999999999999,-177.77777777777777,-57.89473684210527,-91.8238993710692,-683.3333333333334,-50.51546391752577,-87.37864077669903,-1.1999999999999995,-1.7999999999999992,7.766666666666667,8.466666666666667,3.283333333333333,3.333333333333333,132.0,0.4566210045662044,1.460415065334364,131.5,131.04999999999998,13.782967032967033,6.529999999999999,7.4567,-0.837210752115344,13.899633699633698,14.171611721611722,112.7,0.8952551477170889,-0.1771479185119551,112.93333333333334,112.93333333333334,6.620432832910899,64.39,7.816376676551386
2017-07-01,2520.4,47.8576328809523,2.796342470758417,9.969168824170628,8.426726074910809,28.037639053819703,47.8140837639386,82.33664798685862,69.3557110791076,-0.4192855194740259,-2.4,4.1,0.8499999999999999,-1299.9999999999998,-71.72413793103449,-88.43537414965986,-31.428571428571427,-14.583333333333336,30.76923076923077,-1.7666666666666664,-1.866666666666666,6.199999999999999,7.550000000000001,2.2166666666666663,2.8416666666666663,134.2,1.6666666666666607,2.3646071700991644,132.53333333333333,131.70000000000002,13.75,6.529999999999999,7.4567,-0.7220216606498187,13.866666666666664,14.116666666666667,113.9,1.878354203935606,1.0647737355811815,113.16666666666669,113.15,6.611951647494638,64.22770491803279,7.832172898067901
2017-08-01,2580.7,50.6335708809523,5.800408070548002,14.07816811727396,8.287652774149736,28.22227282409868,47.620856721081445,82.08041791022724,69.49336526076947,-0.4198268243082632,4.3,7.2,5.75,-41.0958904109589,-36.283185840707965,-38.17204301075269,-279.1666666666667,75.609756097561,576.4705882352941,-0.5333333333333327,-0.3833333333333326,5.366666666666667,7.016666666666667,2.4166666666666665,3.3166666666666664,135.4,0.8941877794336861,3.279938977879482,133.86666666666667,132.5,13.733152173913043,6.4626086956521736,7.540939130434782,-0.6012613975257205,13.83297101449275,14.066123188405799,114.8,3.237410071942448,0.7901668129938422,113.8,113.45,6.603187755897835,64.06,7.855815958945095
2017-09-01,2650.2,54.52330775,7.682130257399988,22.577008505917085,8.267944216182947,28.368554525299317,47.59907444305114,81.8193624407828,69.64352117684089,-0.4182419292560336,-4.1,10.5,3.2,-139.80582524271844,-17.322834645669282,-72.17391304347827,-195.3488372093023,45.83333333333333,-44.34782608695652,-0.7333333333333325,-0.966666666666666,7.266666666666666,7.516666666666666,3.266666666666667,3.275,135.2,-0.1477104874446189,3.2849503437738514,134.9333333333333,133.21666666666667,13.716304347826087,6.395217391304348,7.625178260869565,-0.4805011344016223,13.79927536231884,14.015579710144928,114.9,3.14183123877918,0.0871080139372981,114.53333333333336,113.73333333333336,6.5944238643010324,64.02,7.882390387830536
2017-10-01,2850.5,56.0595180952381,2.817529619226189,13.820375164172116,8.141201936520247,28.49693284947212,47.49871479289242,81.50800454184099,69.8055068268869,-0.4172509183621392,-9.0,8.2,-0.4000000000000003,-700.0,46.428571428571416,-111.26760563380284,119.51219512195124,-21.90476190476192,-112.5,-2.933333333333332,-2.349999999999999,8.633333333333333,7.416666666666667,2.85,2.5333333333333328,136.1,0.6656804733727872,3.5768645357686424,135.56666666666666,134.04999999999998,13.7,6.33,7.7067,-0.363636363636366,13.766666666666666,13.966666666666669,115.6,3.677130044843047,0.6092254134029584,115.1,114.13333333333333,6.585942678884773,64.28557377049181,7.955249696471636
2017-11-01,3000.8,61.3159045454545,9.376438879275527,37.92432187650705,7.9792229196423055,28.571097486110222,47.41519891107424,81.34305428370408,70.01458123044631,-0.4170959115242714,3.1,21.864000000000026,13.4,-54.41176470588235,618.1818181818181,165.34653465346537,-134.44444444444446,189.02439024390247,-1721.0625000000005,-3.3333333333333326,-1.9333333333333325,14.133333333333333,9.749999999999998,5.4,3.9083333333333328,137.6,1.102130786186617,4.878048780487809,136.29999999999998,135.08333333333334,13.59891304347826,6.289565217391305,7.713439130434782,-0.9789677158766343,13.716123188405797,13.90769927536232,116.4,4.021447721179627,0.6920415224913601,115.63333333333333,114.71666666666668,6.57717878728797,64.56,8.006634198767678
2017-12-01,3250.3,62.2900801578947,1.5887812789551647,18.11759443834251,8.013496494348042,28.63242733319873,47.43335277665486,81.20926528545846,70.21002555804307,-0.4159120562176986,2.1,16.8,9.45,-142.0,-6823.0,-463.4615384615385,-32.258064516129025,-29.11392405063291,-29.477611940298495,-1.2666666666666655,-0.999999999999999,15.316666666666666,11.75,7.483333333333334,5.375,137.2,-0.2906976744186051,5.21472392638036,136.96666666666667,135.95000000000002,13.501086956521739,6.2504347826086954,7.719960869565217,-1.5744496696575392,13.667210144927536,13.850634057971014,115.7,3.5810205908684,-0.6013745704467333,115.90000000000002,115.21666666666664,6.568697601871709,64.5,8.086502578755997
2018-01-01,2700.5,67.0601533863636,7.657837678772572,24.00743073230902,8.6403257588711,28.66007170895044,47.79202354862455,81.13723307560998,70.41817891018954,-0.4109729684263669,7.6,10.7,9.15,-480.0,11.458333333333323,140.7894736842105,261.90476190476187,-36.30952380952381,-3.1746031746031966,4.266666666666668,0.6666666666666675,15.316666666666666,12.85,10.666666666666666,6.758333333333333,136.9,-0.218658892128265,5.065234075211045,137.23333333333332,136.4,13.4,6.21,7.726699999999999,-2.1897810218978075,13.616666666666667,13.791666666666666,116.0,3.0195381882770933,0.2592912705272177,116.03333333333336,115.56666666666666,6.559933710274907,64.235,7.901192220032946
2018-02-01,2650.3,63.5373357631578,-5.2532203481689965,15.811568665646792,9.104644442176308,28.71336750288489,48.33235362961871,81.00845915075617,70.59722866134288,-0.4033665849677187,7.5,7.4,7.45,-263.0434782608696,-28.846153846153843,156.8965517241379,-1.3157894736842035,-30.84112149532709,-18.579234972677583,5.733333333333334,1.2000000000000008,11.633333333333333,12.883333333333333,8.683333333333334,7.041666666666667,136.4,-0.365230094959823,4.441041347626351,136.83333333333334,136.56666666666666,13.417222222222222,6.223777777777777,7.545281111111111,-1.3069990679207404,13.582222222222223,13.757222222222222,116.1,2.743362831858409,0.0862068965517215,115.93333333333334,115.78333333333336,6.551169818678105,63.97,7.882428120119947
2018-03-01,2750.8,63.7954132142857,0.4061823619578852,23.94768263422156,9.518864461891368,28.76623371675003,48.922038450094895,80.87181929758157,70.79150851650161,-0.3950669234968245,6.2,14.1,10.15,-1133.3333333333337,87.99999999999999,194.20289855072463,-17.333333333333336,90.54054054054052,36.24161073825503,7.1000000000000005,2.9166666666666674,10.733333333333334,13.212666666666665,8.916666666666666,8.2,136.5,0.0733137829912022,4.278074866310155,136.6,136.78333333333333,13.432777777777778,6.2362222222222226,7.381418888888888,-0.5096476256188736,13.55111111111111,13.726111111111113,116.3,2.738515901060068,0.1722652885443709,116.13333333333333,116.01666666666664,6.543254045622929,65.2,7.919647057445681
2018-04-01,2700.2,69.2190984375,8.50168523087451,31.86928395406217,10.200805330014893,28.79242258922385,49.67349970710247,80.73970023260141,71.04153355411736,-0.3847698274331084,3.9,7.5,5.7,-657.1428571428572,-14.772727272727282,40.74074074074072,-37.096774193548384,-46.80851063829788,-43.84236453201971,5.866666666666668,5.066666666666667,9.666666666666666,13.212666666666665,7.766666666666667,9.216666666666669,137.1,0.439560439560438,4.576659038901609,136.66666666666666,136.95000000000002,13.45,6.25,7.199999999999999,0.3731343283581934,13.516666666666666,13.691666666666668,117.3,3.621908127208484,0.8598452278589797,116.56666666666666,116.3,6.534490154026126,65.87081967213115,7.901081123323146
2018-05-01,2600.6,75.25204525,8.715725787655737,48.814677749033855,11.11809489321945,28.79571044329176,50.76510104376914,80.63965964093474,71.32077336690976,-0.3704698002222285,6.7,-1.6,2.55,1016.6666666666669,-116.49484536082475,-50.48543689320388,71.79487179487181,-121.33333333333334,-55.26315789473685,5.600000000000001,5.666666666666667,6.666666666666667,9.15,6.133333333333333,7.408333333333332,137.8,0.510576221735981,4.87062404870624,137.13333333333335,136.98333333333332,13.532417582417581,6.25,7.282417582417581,0.862893140815783,13.516666666666666,13.675183150183152,118.3,4.782993799822854,0.8525149190110826,117.3,116.61666666666666,6.526008968609865,66.52,7.863497466617219
2018-06-01,2680.9,73.825793025,-1.8953002808916983,58.574945021857005,11.507883213438951,28.787941676206756,52.0365978652374,80.46246864809083,71.58410596704864,-0.3532811167797536,13.6,0.2,6.9,-488.5714285714286,-95.83333333333334,961.5384615384615,102.98507462686568,-112.5,170.58823529411765,8.066666666666668,7.583333333333335,2.033333333333333,6.383333333333333,5.05,6.983333333333333,138.5,0.5079825834542806,4.924242424242431,137.79999999999998,137.20000000000002,13.617582417582417,6.25,7.367582417582417,1.368977247021959,13.516666666666666,13.658150183150184,119.1,5.67879325643299,0.6762468300929747,118.23333333333332,117.18333333333334,6.5172450770130625,66.99,7.893907838025209
2018-07-01,2720.4,73.4682748636363,-0.4842727002507541,53.51422634377143,11.229850972912848,28.76150117497904,53.549580420691946,80.23580005768679,71.83971610517996,-0.3325974143438261,14.1,5.3,9.7,-687.5,29.268292682926838,1041.1764705882354,3.6764705882353033,2549.9999999999995,40.57971014492754,11.466666666666669,8.666666666666666,1.2999999999999998,5.483333333333333,6.383333333333333,7.075,139.8,0.9386281588447788,4.172876304023854,138.70000000000002,137.68333333333334,13.7,6.25,7.449999999999999,1.8587360594795488,13.516666666666666,13.641666666666667,119.9,5.267778753292363,0.6717044500419878,119.1,117.83333333333331,6.508763891596803,67.66868852459017,7.908534207301484
2018-08-01,2780.7,72.5347376,-1.270667189843544,43.254240888008624,10.87338345980993,28.681809415068653,54.94988527753405,79.9126193705263,72.08344465401593,-0.3123753706188626,5.5,6.5,6.0,27.906976744186053,-9.72222222222222,4.347826086956519,-60.99290780141844,22.64150943396226,-38.144329896907216,11.066666666666668,8.333333333333334,4.0,5.333333333333333,7.533333333333332,6.833333333333333,140.4,0.4291845493562096,3.692762186115206,139.5666666666667,138.35,13.716847826086957,6.334239130434782,7.3826086956521735,1.3553996547977354,13.555978260869564,13.636050724637682,120.1,4.616724738675959,0.1668056713928223,119.7,118.5,6.5,68.37,7.930457973549896
2018-09-01,2850.2,77.8833896374999,7.37391795224458,42.8442125973179,11.070335611640877,28.49381923581526,56.33195462735547,79.54782959355167,72.37021227321416,-0.2918479999368597,5.4,6.4,5.9,-231.7073170731708,-39.04761904761904,84.375,-1.818181818181808,-1.538461538461533,-1.6666666666666607,8.333333333333334,8.200000000000001,6.066666666666666,4.05,7.2,6.124999999999999,140.2,-0.1424501424501567,3.698224852071008,140.13333333333333,138.96666666666667,13.733695652173912,6.418478260869565,7.315217391304348,0.8520632501159222,13.595289855072464,13.630434782608695,120.9,5.22193211488251,0.6661115736886103,120.3,119.26666666666668,6.5,70.68229508196721,7.955144446239112
2018-10-01,3050.5,80.08267025,2.823812141120752,42.85294089390776,11.437295151961877,28.18773353560653,57.67207381664119,79.11946156546524,72.65706075061316,-0.2710760074002526,17.4,8.6,13.0,-293.3333333333333,4.878048780487809,-2006.105263157895,222.2222222222222,34.37499999999998,120.33898305084745,9.433333333333335,10.45,7.166666666666667,4.233333333333333,8.299999999999999,7.341666666666666,140.7,0.3566333808844524,3.379867744305653,140.4333333333333,139.56666666666666,13.75,6.5,7.25,0.3649635036496512,13.633333333333333,13.625,122.0,5.536332179930792,0.9098428453267138,121.0,120.05,6.5,72.92,8.023060790591908
2018-11-01,3200.8,65.3992193690476,-18.33536623480959,6.659470905409326,11.263272588704623,28.02012175635349,58.351820933942776,78.61498018418568,72.86357705704938,-0.2577518839637013,-3.0,-0.3,-1.65,-196.7741935483871,-101.26582278481013,-112.31343283582088,-117.24137931034484,-103.48837209302326,-112.6923076923077,6.600000000000001,8.833333333333334,4.9,4.45,5.75,6.641666666666667,140.8,0.0710732054015839,2.3255813953488413,140.5666666666667,140.0666666666667,13.75,6.5,7.25,0.3649635036496512,13.633333333333333,13.625,121.6,4.4673539518900185,-0.3278688524590234,121.5,120.6,6.5,73.45,8.071156057543025
2018-12-01,3450.3,57.7726383529411,-11.661578058095346,-7.252265197769303,11.057398631678073,27.903480932067147,58.712138481313545,78.03474208002645,73.0236105439308,-0.2476153964717038,4.1,6.5,5.3,95.2380952380952,-61.30952380952381,-43.91534391534392,-236.66666666666663,-2266.666666666667,-421.2121212121213,6.166666666666668,7.250000000000001,4.933333333333334,5.5,5.55,6.374999999999999,140.1,-0.497159090909105,2.1137026239067103,140.53333333333333,140.33333333333334,13.75,6.5,7.25,0.3649635036496512,13.633333333333333,13.625,119.7,3.457216940363006,-1.5141673486088294,121.09999999999998,120.7,6.5,72.78478260869565,8.146216462766645
2019-01-01,2900.5,59.2680025795454,2.588360630977093,-11.619643578689898,10.678579900842529,27.72795770410772,59.237100678131725,77.44297417218012,73.18621314598091,-0.2350874780915697,2.5,3.8,3.15,-67.10526315789474,-64.48598130841121,-65.57377049180327,-39.02439024390243,-41.53846153846155,-40.56603773584906,1.2000000000000015,5.316666666666667,3.333333333333333,5.25,2.266666666666667,5.283333333333332,139.6,-0.356887937187722,1.9722425127830512,140.16666666666666,140.29999999999998,13.75,6.5,7.25,0.3649635036496512,13.633333333333333,13.625,119.2,2.758620689655178,-0.417710944026739,120.16666666666669,120.58333333333331,6.5,72.09739130434782,7.972638414906119
2019-02-01,2850.3,64.534530625,8.885955011536328,1.5694628203476446,10.340535827377376,27.581050941357717,59.90875240134601,76.97185384579123,73.38003127664612,-0.2216797516483126,0.9,5.0,2.95,-88.0,-32.432432432432435,-60.40268456375839,-64.0,31.578947368421066,-6.349206349206337,2.5000000000000018,4.550000000000001,5.1000000000000005,5.0,3.8,4.775,139.9,0.2148997134670649,2.56598240469208,139.86666666666667,140.21666666666667,13.75,6.5,7.25,0.3649635036496512,13.633333333333333,13.625,119.5,2.9285099052541064,0.251677852348986,119.46666666666668,120.48333333333332,6.5,71.41,7.955179530880813
2019-03-01,2950.8,66.74,3.417502775088943,4.615671624891848,9.987930986139856,27.391499331260704,60.65072372912379,76.50462443670034,73.57186281650118,-0.207228005160577,-3.2,1.4,-0.9000000000000001,-151.61290322580646,-90.0709219858156,-108.86699507389164,-455.55555555555554,-72.0,-130.5084745762712,0.0666666666666683,3.116666666666668,3.4000000000000004,4.166666666666666,1.7333333333333334,3.641666666666666,140.4,0.3573981415296634,2.857142857142869,139.96666666666667,140.25,13.75,6.5,7.25,0.3649635036496512,13.633333333333333,13.625,119.9,3.095442820292349,0.3347280334728086,119.53333333333336,120.31666666666666,6.5,70.9,7.989831599010147
2019-04-01,2900.2,71.0009224999999,6.384360952951607,2.5741798184626408,9.921150829476112,27.2145865493525,61.37566710967935,76.1145416922559,73.78650569282394,-0.1936407190385293,2.2,5.4,3.8,-43.58974358974358,-27.999999999999996,-33.33333333333333,-168.75,285.7142857142858,-522.2222222222223,-0.0333333333333315,0.5833333333333345,3.9333333333333336,3.633333333333333,1.95,2.108333333333333,141.2,0.5698005698005604,2.9905178701677526,140.5,140.33333333333334,13.75,6.5,7.25,0.3649635036496512,13.633333333333333,13.625,121.1,3.239556692242118,1.000834028356956,120.16666666666669,120.16666666666669,6.5,69.18,7.972534979113795
2019-05-01,2800.6,70.0137243421052,-1.3904018752639358,-6.961034601109118,9.506843889607293,26.98602734441482,62.227584777143456,75.67451924843802,73.97503276555787,-0.1776943494962753,0.2,8.1,4.15,-97.01492537313432,-606.2499999999999,62.74509803921568,-90.9090909090909,49.99999999999998,9.210526315789448,-0.2666666666666649,1.1166666666666678,4.966666666666667,5.033333333333334,2.35,3.0749999999999997,142.0,0.56657223796035,3.047895500725684,141.20000000000002,140.53333333333333,13.75,6.5,7.25,0.3649635036496512,13.633333333333333,13.625,121.6,2.789518174133554,0.4128819157720897,120.86666666666667,120.16666666666669,6.5,69.52,7.937588958921677
2019-06-01,2880.9,62.3744249999999,-10.91114551309641,-15.51133764472027,9.336340186839086,26.810815960273025,62.548877306310125,75.1765252151047,74.13178208434093,-0.1679732851799512,-10.2,7.4,-1.3999999999999997,-175.0,3600.0,-120.28985507246377,-3291.999999999999,-8.64197530864197,-133.73493975903614,-2.599999999999998,-1.2666666666666653,6.966666666666666,5.183333333333334,2.1833333333333336,1.9583333333333328,142.9,0.6338028169014187,3.1768953068592065,142.03333333333333,141.0,13.75,6.5,7.25,0.3649635036496512,13.633333333333333,13.625,121.5,2.015113350125941,-0.0822368421052543,121.4,120.46666666666664,6.5,69.18967213114755,7.965858024312037
2019-07-01,2920.4,63.6270103260869,2.008171339594722,-13.395257416640938,9.199342286880256,26.5716058067454,62.86719337551302,74.65606661054075,74.28330224271818,-0.1579091126850668,-2.4,8.5,3.05,-117.02127659574468,60.377358490566046,-68.55670103092784,-76.47058823529412,14.864864864864868,-317.85714285714295,-4.133333333333331,-2.083333333333332,8.0,5.966666666666666,1.9333333333333331,1.9416666666666655,144.2,0.9097270818754222,3.147353361945626,143.03333333333333,141.76666666666668,13.75,6.5,7.25,0.3649635036496512,13.633333333333333,13.625,121.3,1.1676396997497784,-0.1646090534979438,121.46666666666664,120.81666666666666,6.5,68.87,7.979475872181931
2019-08-01,2980.7,59.3498171052631,-6.722291679120696,-18.17738773309756,9.10065872620318,26.2197057305506,63.01676445568845,74.00810683234528,74.38792789330297,-0.1485153836127186,-9.7,3.1,-3.3,-276.3636363636364,-52.3076923076923,-154.99999999999997,304.1666666666667,-63.52941176470588,-208.1967213114754,-7.433333333333331,-3.8499999999999983,6.333333333333333,5.65,-0.5499999999999998,0.8999999999999995,145.0,0.554785020804438,3.276353276353272,144.03333333333333,142.61666666666667,13.75,6.5,7.25,0.3649635036496512,13.633333333333333,13.625,121.5,1.1656952539550458,0.1648804616652954,121.43333333333332,121.15,6.5,69.0,7.999913451243781
2019-09-01,3050.2,61.7232732142857,3.999095910966366,-20.74911800632944,8.840872776683268,25.71080571291422,63.35855257442552,73.32047033270602,74.51333787075609,-0.1358681649623406,-10.5,-1.1,-5.8,-294.44444444444446,-117.1875,-198.3050847457627,8.247422680412386,-135.48387096774195,75.75757575757575,-7.533333333333331,-5.0666666666666655,3.5,5.233333333333333,-2.0166666666666666,0.0833333333333327,145.8,0.5517241379310533,3.9942938659058624,145.0,143.51666666666665,13.75,6.5,7.25,0.3649635036496512,13.633333333333333,13.625,121.3,0.3308519437551727,-0.1646090534979438,121.36666666666666,121.38333333333334,6.5,70.07229508196721,8.022962441222083
2019-10-01,3250.5,59.7034204545454,-3.2724329974010646,-25.447765080553875,8.630709751169741,25.30416423471666,63.59897688772518,72.67301375296121,74.6040487251332,-0.1248611609266898,-18.9,-3.3,-11.1,-208.6206896551724,-138.3720930232558,-185.3846153846154,79.99999999999999,199.99999999999997,91.3793103448276,-13.033333333333331,-8.583333333333332,-0.4333333333333333,3.783333333333333,-6.733333333333333,-2.4000000000000004,147.2,0.9602194787379892,4.619758351101644,146.0,144.51666666666668,13.75,6.5,7.25,0.3649635036496512,13.633333333333333,13.625,122.0,0.0,0.577081615828523,121.6,121.53333333333336,6.5,71.11,8.086564109644524
2019-11-01,3400.8,62.5325726190476,4.738676851280488,-4.383304231543683,8.276960976943629,25.042608307356936,63.9978085408601,72.16722226354322,74.73534707301678,-0.1132011662143476,-1.4,1.1,-0.1499999999999999,-53.33333333333334,-466.6666666666667,-90.90909090909092,-92.5925925925926,-133.33333333333334,-98.64864864864865,-10.266666666666664,-8.849999999999998,-1.1,2.6166666666666667,-5.683333333333333,-3.116666666666667,148.6,0.9510869565217516,5.539772727272707,147.20000000000002,145.61666666666667,13.75,6.5,7.25,0.3649635036496512,13.633333333333333,13.625,122.3,0.5756578947368363,0.2459016393442592,121.86666666666667,121.65,6.5,70.76,8.13176597704458
2019-12-01,3650.3,65.5020425,4.748676979983868,13.379004953588748,7.594932949266403,24.93829520828044,64.62935082419344,71.84493826208124,74.8947127787046,-0.100432787784802,-5.6,-3.2,-4.4,-236.58536585365857,-149.23076923076923,-183.01886792452837,300.0,-390.9090909090909,2455.33333333334,-8.633333333333331,-8.083333333333332,-1.8,0.85,-5.216666666666667,-3.616666666666667,150.4,1.211305518169592,7.351891506067099,148.73333333333332,146.86666666666667,13.75,6.5,7.25,0.3649635036496512,13.633333333333333,13.625,123.0,2.7568922305764465,0.5723630417007408,122.43333333333332,121.9,6.5,71.87315789473685,8.2025646349798
2020-01-01,3000.5,64.3097470238095,-1.8202416759607096,8.506688642826155,6.904762001044537,24.76433789237947,65.17775462895534,71.44462278456801,75.02442247050355,-0.0877164426287139,-3.7,-0.6,-2.15,-248.0,-115.78947368421052,-168.25396825396825,-33.928571428571416,-81.25,-51.13636363636365,-3.566666666666664,-8.299999999999999,-0.9,-0.6666666666666666,-2.233333333333334,-4.483333333333334,150.2,-0.1329787234042645,7.59312320916905,149.73333333333332,147.86666666666665,13.75,6.5,7.25,0.3649635036496512,13.633333333333333,13.625,123.4,3.523489932885915,0.3252032520325354,122.9,122.25,6.5,73.02342105263159,8.006534220429568
2020-02-01,2950.3,54.6273599999999,-15.055862403291489,-15.351735774711228,6.648417696087304,24.480702650893296,65.3108809329236,70.82861252901246,75.09084892266405,-0.0779025791847711,-6.2,-0.3,-3.25,-788.8888888888889,-106.0,-210.1694915254237,67.56756756756756,-50.0,51.16279069767442,-5.166666666666664,-7.716666666666665,-1.366666666666667,-1.2333333333333332,-3.266666666666667,-4.4750000000000005,149.1,-0.7323568575232975,6.576125804145816,149.9,148.54999999999998,13.75,6.5,7.25,0.3649635036496512,13.633333333333333,13.625,122.2,2.259414225941425,-0.972447325769854,122.86666666666667,122.36666666666667,6.5,74.17368421052632,7.9896621390785425
2020-03-01,2650.8,33.3587380681818,-26.46315494545357,-50.01687433595774,8.653240724667883,24.40241593413731,64.60539527686299,69.95736651310337,75.00245290940647,-0.0765033262828428,-36.8,-17.278,-29.55,1035.6666666666663,-1692.8571428571431,1183.8750000000005,493.5483870967741,5987.000000000006,809.2307692307692,-15.566666666666665,-12.1,-7.733333333333334,-4.766666666666667,-11.65,-8.433333333333334,148.6,-0.3353454057679395,5.840455840455827,149.29999999999998,149.01666666666668,13.75,6.5,7.25,0.3649635036496512,13.633333333333333,13.625,120.4,0.417014178482078,-1.4729950900163602,122.0,122.21666666666664,6.5,75.24973684210526,7.882616760214072
2020-04-01,2200.2,19.9016837499999,-26.46315494545357,-54.169622147383954,11.822376286587192,24.592591591356687,63.400134132021705,68.95862317598215,74.83842002812341,-0.0806061488463191,-52.209999999999994,-17.278,-34.357,-3095.5,-990.7407407407406,-1992.1052631578948,160.05434782608697,115.69506726457396,143.3164128595601,-46.23333333333333,-24.899999999999995,-20.266666666666666,-12.233333333333334,-34.9,-18.566666666666663,151.4,1.8842530282638048,7.223796033994345,149.70000000000002,149.71666666666667,13.75,6.5,7.25,0.3649635036496512,13.633333333333333,13.625,119.2,-1.5689512799339278,-0.996677740863794,120.6,121.75,6.5,76.4,7.696303544305335
2020-05-01,2300.6,30.605539617647,20.049971569040075,-54.169622147383954,13.252186178415483,24.567558359369823,62.37645530109479,68.10012087014648,74.7473662277536,-0.0840478033800496,-52.209999999999994,-9.7,-34.357,-3095.5,-219.7530864197531,-1063.8554216867471,-26.54127481713689,-79.83367983367984,-44.36717663421419,-56.58333333333333,-36.383333333333326,-20.266666666666666,-12.378,-38.425,-25.20833333333333,150.9,-0.3302509907529671,6.26760563380282,150.29999999999998,150.1,13.75,6.5,7.25,0.3649635036496512,13.633333333333333,13.625,117.5,-3.3717105263157854,-1.4261744966442946,119.03333333333336,120.95,6.5,75.75,7.7409252374619095
2020-06-01,2580.9,40.6338686363636,20.049971569040075,-34.8549206884654,13.83410613117111,24.3769970783502,61.65458158371042,67.35959755674935,74.68021691209704,-0.0846949236629945,-34.8,6.9,-13.95,241.17647058823528,-6.756756756756754,896.4285714285717,-50.49786628733997,-171.13402061855672,-65.125,-56.58333333333333,-41.24999999999999,-16.966666666666665,-12.35,-38.425,-26.8,151.8,0.5964214711729587,6.228131560531836,151.36666666666667,150.33333333333334,13.75,6.5,7.25,0.3649635036496512,13.633333333333333,13.625,119.3,-1.8106995884773716,1.5319148936170146,118.66666666666669,120.33333333333331,6.5,75.56,7.855893454295412
2020-07-01,2720.4,43.347552547619,6.678379397099543,-31.87240399090915,14.187508434757822,24.08667063147292,60.86416155575228,66.62400106485423,74.61543618550974,-0.086452921125153,-23.7,1.8,-10.95,887.5,-78.82352941176471,-459.0163934426229,-31.89655172413792,-73.91304347826086,-21.505376344086024,-42.93333333333333,-43.11666666666667,-0.3333333333333306,-11.949999999999998,-21.633333333333336,-27.621333333333332,153.9,1.383399209486158,6.726768377253833,152.20000000000002,150.95000000000002,13.75,6.5,7.25,0.3649635036496512,13.633333333333333,13.625,121.0,-0.2473206924979321,1.4249790444258226,119.26666666666668,119.93333333333334,6.5,75.5,7.908534207301484
2020-08-01,2880.7,44.1900176052631,1.943512397196168,-25.543127577145707,14.498133527289632,23.69405833051613,60.21925095048912,65.86305043948063,74.52733441462989,-0.0856899194819015,-10.2,-3.0,-6.6,5.154639175257736,-196.7741935483871,100.0,-56.9620253164557,-266.66666666666663,-39.72602739726028,-22.899999999999995,-43.11666666666667,1.9000000000000028,-12.378,-10.5,-27.621333333333332,154.7,0.5198180636777128,6.689655172413778,153.46666666666667,151.88333333333333,13.75,6.5,7.25,0.3649635036496512,13.633333333333333,13.625,122.0,0.4115226337448652,0.8264462809917328,120.76666666666668,119.9,6.5,74.25,7.965788599152331
2020-09-01,3050.2,41.3541066590909,-6.417537488906633,-33.000788024443914,14.881136005270362,23.433309546563148,59.47120739864929,65.13976640235941,74.42519493142281,-0.0870214819116207,5.3,2.4,3.85,-150.47619047619048,-318.1818181818182,-166.3793103448276,-151.96078431372547,-179.99999999999997,-158.33333333333331,-9.533333333333331,-38.23333333333333,0.4000000000000026,-8.283333333333333,-4.566666666666666,-23.258333333333336,156.4,1.0989010989011172,7.270233196159115,155.0,153.18333333333334,13.75,6.5,7.25,0.3649635036496512,13.633333333333333,13.625,122.9,1.3190436933223415,0.7377049180327999,121.96666666666664,120.31666666666666,6.5,73.0,8.022962441222083
2020-10-01,3150.5,40.658228,-1.6827316929549196,-31.89966723773434,15.1472247284191,23.24811989245273,58.51917838406596,64.46291555738587,74.3384125208408,-0.0922039768435342,18.1,7.3,12.7,-195.76719576719577,-321.21212121212125,-214.41441441441444,241.50943396226415,204.16666666666663,229.87012987012992,4.400000000000001,-19.266666666666666,2.233333333333336,0.9500000000000014,3.316666666666667,-9.158333333333337,158.4,1.278772378516635,7.608695652173925,156.5,154.35,13.75,6.5,7.25,0.3649635036496512,13.633333333333333,13.625,123.6,1.3114754098360717,0.5695687550854256,122.83333333333331,121.05,6.5,73.18,8.05531644938211
2020-11-01,3300.8,43.3406405,6.597465339610964,-30.69109636023784,15.051828482347291,23.0215600537358,57.45546489239929,63.82117767697651,74.28395048195192,-0.0997429539266188,-3.2,-0.7,-1.95,128.5714285714286,-163.63636363636363,1183.8750000000005,-117.67955801104972,-109.5890410958904,-115.3543307086614,6.733333333333334,-8.083333333333327,3.000000000000002,2.450000000000001,4.866666666666667,-2.8166666666666687,158.9,0.3156565656565746,6.931359353970401,157.9,155.68333333333334,13.75,6.5,7.25,0.3649635036496512,13.633333333333333,13.625,125.1,2.289452166802941,1.2135922330097193,123.86666666666666,122.31666666666666,6.5,73.34770491803279,8.101920142316988
2020-12-01,3550.3,49.8398169523809,14.99557084852241,-23.911049106016968,14.786995173186568,22.72083584211096,56.65593235664532,63.25149643755851,74.25502930629054,-0.1042752259217185,6.5,1.9,4.2,-216.07142857142856,-159.375,-195.45454545454547,-303.125,-371.4285714285714,-315.38461538461536,7.133333333333334,-1.1999999999999946,2.833333333333336,1.6166666666666678,4.983333333333333,0.2083333333333312,157.3,-1.0069225928256764,4.58776595744681,158.20000000000002,156.6,13.75,6.5,7.25,0.3649635036496512,13.633333333333333,13.625,125.4,1.951219512195124,0.2398081534772167,124.7,123.33333333333331,6.5,73.51,8.174787385941196
2021-01-01,3200.5,54.7945696249999,9.941354073095775,-14.79585574374408,14.443931784390715,22.299660008674955,56.03347551535744,62.69521664353677,74.22309404494794,-0.1062559711063075,-0.1,-5.4,-2.75,-97.2972972972973,800.0000000000002,27.906976744186053,-101.53846153846152,-384.2105263157896,-165.47619047619045,1.0666666666666669,2.7333333333333383,-1.3999999999999977,0.4166666666666678,-0.1666666666666666,1.5749999999999975,156.3,-0.6357279084551859,4.061251664447418,157.50000000000003,157.0,13.75,6.5,7.25,0.3649635036496512,13.633333333333333,13.625,126.5,2.5121555915721183,0.8771929824561431,125.66666666666669,124.25,6.5,73.31,8.071062326582059
2021-02-01,3150.3,61.2161172894736,11.719313991187708,12.061277150266305,14.14272756889739,21.759906358418945,55.65618817167322,62.17034351400463,74.23566508544504,-0.1047791434651477,6.6,-3.8,1.4,-206.4516129032258,1166.6666666666663,-143.07692307692307,-3291.999999999999,-29.62962962962964,-150.9090909090909,4.333333333333333,5.5333333333333385,-2.433333333333331,0.2833333333333345,0.95,2.908333333333331,156.6,0.1919385796544936,5.030181086519114,156.73333333333335,157.31666666666666,13.75,6.5,7.25,0.3649635036496512,13.633333333333333,13.625,128.1,4.828150572831413,1.2648221343873445,126.66666666666669,125.26666666666668,6.5,73.11,8.055252965380058
2021-03-01,3250.8,64.7294967826086,5.739304694090985,94.04060384511016,13.624261444235634,21.17035879709752,55.217725076510185,61.67327446238282,74.26187576805373,-0.1046733685238352,59.468,21.864000000000026,34.873000000000076,-262.77173913043475,-230.9417040358745,-250.76142131979697,807.5757575757576,-868.421052631579,2455.33333333334,22.133333333333336,14.523333333333339,6.666666666666669,4.750000000000001,14.4,9.482666666666667,156.8,0.1277139208173849,5.518169582772559,156.5666666666667,157.38333333333333,13.75,6.5,7.25,0.3649635036496512,13.633333333333333,13.625,129.9,7.890365448504988,1.4051522248243575,128.16666666666666,126.43333333333334,6.5,73.4,8.08665639887905
2021-04-01,3200.2,63.3969765,-2.0585982416699733,95.30536045449044,12.895266092056149,20.603630806287253,54.66153528484352,61.184646193695954,74.24155324129933,-0.1066135266714107,4.579999999999999,2.0999999999999996,3.34,-162.5914315569488,-160.70686070686068,-161.96105702364397,0.0,0.0,0.0,7.156666666666666,-0.11999999999999744,3.1400000000000015,2.3866666666666676,5.430000000000001,1.1333333333333317,157.8,0.6377551020408267,4.22721268163806,157.0666666666667,157.28333333333333,13.75,6.5,7.25,0.3649635036496512,13.633333333333333,13.625,132.0,10.738255033557053,1.6166281755196188,130.0,127.83333333333331,6.5,73.32,8.070968586834773
2021-05-01,3100.6,66.9530848529411,5.609271213337919,95.30536045449044,12.942915234147042,20.038937579230375,54.7133308009733,60.74462708624186,74.24005043076012,-0.0992893787413602,59.468,0.2,34.873000000000076,-214.3669985775249,-102.06185567010309,-200.75000000000003,34.22370617696162,-99.31506849315068,-9.539842873176196,4.9300000000000015,0.07000000000000117,2.9000000000000004,3.746666666666667,4.196666666666667,1.908333333333332,160.4,1.6476552598225558,6.295559973492382,158.33333333333334,157.53333333333333,13.75,6.5,7.25,0.3649635036496512,13.633333333333333,13.625,132.9,13.10638297872342,0.6818181818181834,131.6,129.13333333333333,6.5,73.07901639344261,8.039350920132263
2021-06-01,3180.9,71.9826474772727,7.512070034381191,77.14938275125203,13.313451470654655,19.415204977666377,55.18699777178436,60.33645183876711,74.26830105563386,-0.0853456560677993,28.0,-3.9,12.05,-180.45977011494253,-156.52173913043475,-186.3799283154122,-65.17412935323384,-2050.0,-70.09925558312655,5.126666666666667,6.5433333333333366,1.0933333333333342,2.346666666666667,3.11,4.4449999999999985,161.3,0.5610972568578676,6.258234519104078,159.83333333333334,158.20000000000002,13.75,6.5,7.25,0.3649635036496512,13.633333333333333,13.625,133.7,12.070410729253966,0.6019563581640242,132.86666666666665,130.51666666666668,6.5,72.83,8.064919454599861
2021-07-01,3220.4,73.5390605238095,2.1622058941749733,69.6498561090016,13.713253781460953,18.86986762492826,55.66269970325983,59.98360808268247,74.28081919611004,-0.0720348194704565,19.4,-2.3,8.549999999999999,-181.85654008438817,-227.77777777777777,-178.08219178082192,-30.714285714285715,-41.02564102564102,-29.045643153526974,29.683333333333337,0.5066666666666689,-1.9999999999999976,2.500000000000001,15.25,1.5033333333333316,162.5,0.7439553626782391,5.588044184535401,161.4,159.23333333333335,13.75,6.5,7.25,0.3649635036496512,13.633333333333333,13.625,135.0,11.570247933884303,0.972326103216159,133.86666666666667,131.93333333333334,6.5,74.56,8.077260854425825
2021-08-01,3280.7,69.8047244249999,-5.078030739324635,57.96491653057421,13.863756017998648,18.248372550532444,55.83837282992649,59.57934663462693,74.27542365503682,-0.0627897755851895,11.1,5.9,8.5,-208.82352941176472,-296.6666666666667,-228.7878787878788,-42.783505154639165,-356.5217391304348,-0.5847953216374102,19.5,-3.7933333333333303,-0.0999999999999975,0.7233333333333338,9.7,-1.5350000000000015,162.9,0.2461538461538515,5.30058177117001,162.23333333333335,160.28333333333333,13.75,6.5,7.25,0.3649635036496512,13.633333333333333,13.625,136.2,11.63934426229507,0.8888888888888724,134.96666666666667,133.28333333333333,6.5,73.775,8.095812093242673
2021-09-01,3350.2,73.1307382954545,4.764740349384455,76.84032905926195,14.084385142930069,17.648080969158567,56.05139743977497,59.22196275060816,74.34318634397982,-0.0535369846518745,1.6,-0.1,0.75,-69.81132075471697,-104.16666666666669,-80.51948051948052,-85.58558558558559,-101.69491525423727,-91.17647058823528,10.7,1.593333333333336,1.166666666666669,5.526666666666667,5.933333333333333,3.559999999999998,163.2,0.1841620626150897,4.347826086956519,162.86666666666667,161.35000000000002,13.75,6.5,7.25,0.3649635036496512,13.633333333333333,13.625,137.4,11.79820992676972,0.8810572687224738,136.20000000000002,134.53333333333333,6.5,72.99,8.116775324529586
2021-10-01,3550.5,82.1073937857143,12.274804958201456,95.30536045449044,14.62643107844583,17.121615887247422,56.42161314929879,58.96143002267166,74.48116806077876,-0.0430759035592636,-3.2,0.7,-1.25,-117.67955801104972,-90.4109589041096,-109.84251968503938,-300.0,-799.9999999999999,-266.6666666666667,3.1666666666666665,14.523333333333339,2.166666666666669,0.0833333333333345,2.6666666666666665,9.482666666666667,165.5,1.4093137254902022,4.4823232323232265,163.86666666666667,162.63333333333333,13.75,6.5,7.25,0.3649635036496512,13.633333333333333,13.625,140.7,13.834951456310684,2.337845803725133,138.1,135.98333333333332,6.5,74.15,8.174843717622148
2021-11-01,3700.8,80.6373010238095,-1.790451132502724,86.05470545320968,15.088170905032149,16.509754983461537,56.77573237202226,58.67014196244239,74.60807730257771,-0.0322891598188535,-5.7,-0.8,-3.25,78.125,14.285714285714302,66.66666666666666,78.125,-214.28571428571436,160.0,-2.4333333333333336,8.533333333333337,-0.0666666666666644,-0.0833333333333321,-1.25,4.224999999999998,166.7,0.7250755287008914,4.908747640025157,165.13333333333333,163.68333333333334,13.75,6.5,7.25,0.3649635036496512,13.633333333333333,13.625,143.7,14.868105515587526,2.1321961620469176,140.6,137.78333333333333,6.5,74.83,8.216304291477174
2021-12-01,3950.3,73.2988235238095,-9.10059911086706,47.06880563755349,15.357378588069723,15.693760848135858,57.139878989482575,58.272863132812766,74.68004481382108,-0.0194427402811484,-1.9,0.3,-0.7999999999999999,-129.23076923076923,-84.21052631578947,-119.04761904761904,-66.66666666666667,-137.5,-75.38461538461539,-3.6,3.5500000000000043,0.0666666666666688,0.6166666666666679,-1.7666666666666666,2.083333333333331,166.2,-0.2999400119976014,5.657978385251106,166.13333333333333,164.5,13.75,6.5,7.25,0.3649635036496512,13.633333333333333,13.625,143.3,14.274322169059015,-0.278357689631159,142.5666666666667,139.38333333333333,6.5,74.83,8.28154680437825
2022-01-01,3400.5,84.6663187999999,15.508428007030584,54.51589341687444,16.125039607667762,15.104637663311966,57.84118927194636,58.03253160634812,74.85858302144014,-0.0032971564242569,-4.4,3.1,-0.6500000000000001,1035.6666666666663,-157.4074074074074,-76.36363636363636,131.57894736842107,933.3333333333334,-18.74999999999998,-4.000000000000001,-0.4166666666666622,0.8666666666666689,1.5166666666666675,-1.5666666666666669,0.5499999999999976,165.7,-0.300842358604092,6.01407549584132,166.19999999999996,165.03333333333333,13.75,6.5,7.25,0.3649635036496512,13.633333333333333,13.625,143.8,13.675889328063253,0.3489183531053763,143.6,140.85,6.5,74.805,8.131677758615693
2022-02-01,3350.3,94.0677151944444,11.104057112312438,53.66494864354912,17.43005494118891,14.870058652066206,58.99845254158573,57.94559524073084,75.06712007961916,0.0181697555522704,-9.7,-6.8,-8.25,-246.96969696969697,78.94736842105263,-689.2857142857143,120.4545454545454,-319.3548387096774,1169.230769230769,-5.333333333333333,-3.883333333333329,-1.133333333333331,-0.5999999999999988,-3.233333333333333,-2.241666666666669,166.1,0.2414001207000637,6.066411238825031,166.0,165.56666666666666,13.75,6.5,7.25,0.3649635036496512,13.633333333333333,13.625,145.3,13.42701014832164,1.0431154381084884,144.13333333333335,142.36666666666667,6.5,74.78,8.116805173048355
2022-03-01,3450.8,112.874792543478,19.99312655798866,74.37922145843868,20.015870492535544,15.423573239756998,60.70350318589213,58.12243633515333,75.35941277177987,0.0444074098314721,-3.1,-4.4,-3.75,-105.17529215358933,-115.06849315068492,-108.41750841750842,-68.04123711340206,-35.29411764705882,-54.54545454545454,-5.733333333333333,-4.666666666666663,-2.699999999999998,-1.3166666666666655,-4.216666666666666,-2.991666666666669,167.7,0.9632751354605728,6.951530612244894,166.49999999999997,166.31666666666666,13.75,6.5,7.25,0.3649635036496512,13.633333333333333,13.625,148.9,14.626635873749038,2.337845803725133,146.0,144.28333333333333,6.5,75.79,8.146361367202424
2022-04-01,3400.2,102.965997868421,-8.778571771230714,62.41468213933041,21.44853263486958,15.848996337547636,62.14558909968799,58.30175144056964,75.56765747521555,0.0659300546577335,7.2,-0.8,3.2,-87.97996661101837,-102.73972602739728,-92.81705948372615,-332.258064516129,-81.81818181818181,-185.33333333333331,-1.8666666666666665,-2.9333333333333287,-3.999999999999998,-1.5666666666666655,-2.9333333333333336,-2.250000000000002,170.1,1.4311270125223707,7.794676806083634,167.96666666666667,167.08333333333331,13.75,6.5,7.25,0.3649635036496512,13.633333333333333,13.625,152.3,15.37878787878788,2.2834116856951026,148.83333333333334,146.21666666666667,6.5,75.96,8.131589532403629
2022-05-01,3300.6,109.505037736842,6.350678868549564,63.55488022301587,23.126613680743684,16.623631869575558,63.7113379369478,58.65645795597899,75.8110441445869,0.0861777229160758,59.1,1.4,30.25,-26.49253731343284,599.9999999999999,-24.937965260545912,720.8333333333334,-275.0,845.3125,21.066666666666663,7.866666666666672,-1.2666666666666648,-1.199999999999999,9.9,3.333333333333331,171.7,0.9406231628453776,7.044887780548614,169.83333333333334,167.91666666666666,13.75,6.5,7.25,0.3649635036496512,13.633333333333333,13.625,155.0,15.864187688402355,1.7728168089297336,152.0666666666667,148.1,6.5,76.76163934426229,8.101859549109466
2022-06-01,3380.9,116.011385049999,5.9415963389673365,61.16576580019179,25.022345920447325,17.687808016529264,65.39498268861443,59.26535003166681,76.0772226686742,0.1034269206825306,25.2,2.9,14.05,-9.999999999999998,-174.35897435897436,16.597510373443967,-57.36040609137056,107.14285714285715,-53.55371900826447,29.683333333333337,12.383333333333338,1.1666666666666687,-0.7666666666666656,15.25,5.808333333333331,172.6,0.5241700640652436,7.005579665220085,171.46666666666667,168.98333333333332,13.75,6.5,7.25,0.3649635036496512,13.633333333333333,13.625,155.4,15.864187688402355,0.2580645161290418,154.23333333333335,150.11666666666667,6.5,77.59,8.125897225222266
2022-07-01,3420.4,105.491247375,-9.06819418668694,43.44927256834544,26.06848952576543,18.29285537847621,66.76769936698744,59.91984591996047,76.26009036621208,0.1142835623471758,2.3,-2.9,-0.3,-88.14432989690721,26.086956521739136,-103.50877192982458,-90.87301587301587,-200.0,-102.13523131672598,28.86666666666667,13.500000000000004,0.4666666666666687,-1.7666666666666655,14.666666666666666,5.866666666666664,173.4,0.4634994206257348,6.707692307692303,172.56666666666663,170.26666666666665,13.75,6.5,7.25,0.3649635036496512,13.633333333333333,13.625,154.0,14.074074074074083,-0.9009009009009028,154.79999999999998,151.81666666666666,6.5,78.89,8.1375127822818
2022-08-01,3480.7,97.4044654285714,-7.665832140254947,39.538500052708336,26.547060236167425,18.710151010120686,68.19360288127316,60.3751135117594,76.41799108197687,0.1294985452572432,-4.4,-9.0,-6.7,-139.63963963963965,-252.54237288135596,-178.8235294117647,-291.304347826087,210.3448275862069,2133.333333333333,7.699999999999999,14.383333333333336,-2.999999999999998,-2.1333333333333324,2.35,6.124999999999997,174.3,0.519031141868509,6.998158379373853,173.43333333333337,171.63333333333333,13.75,6.5,7.25,0.3649635036496512,13.633333333333333,13.625,153.2,12.481644640234958,-0.5194805194805308,154.20000000000002,153.13333333333335,6.5,78.93,8.154988701965975
2022-09-01,3550.2,90.7063448095238,-6.876605286602045,24.033131517231944,26.011520403653883,18.972227659174283,70.10518977265124,60.76988649752179,76.5064896406409,0.1536172570523091,-5.5,-5.7,-5.6,-443.75,3998.9999999999955,-846.6666666666665,25.0,-36.66666666666667,-16.417910447761198,-2.5333333333333337,13.983333333333336,-5.8666666666666645,-2.349999999999999,-4.2,5.816666666666664,175.3,0.5737234652897216,7.414215686274517,174.33333333333334,172.9,13.75,6.5,7.25,0.3649635036496512,13.633333333333333,13.625,151.9,10.55312954876273,-0.8485639686683921,153.03333333333333,153.63333333333335,6.5,79.65,8.174759218910703
2022-10-01,3750.5,91.6989487,1.0943048058662308,11.681718870919177,24.4916923166129,19.24911546403151,72.49843193765125,61.13242695418845,76.57522177593074,0.1859243211786811,-18.1,-13.0,-15.55,465.625,-1957.142857142857,1144.0000000000002,229.0909090909091,128.0701754385965,177.67857142857144,-9.333333333333334,9.766666666666673,-9.233333333333333,-4.383333333333332,-9.283333333333331,2.691666666666664,176.7,0.7986309184255358,6.767371601208461,175.43333333333337,174.0,13.75,6.5,7.25,0.3649635036496512,13.633333333333333,13.625,152.9,8.67093105899077,0.6583278472679366,152.66666666666666,153.73333333333332,6.5,81.11065573770492,8.229644443409692
2022-11-01,3900.8,87.5522660681818,-4.52206125654111,8.575392475413501,23.311202444908027,19.44787093149275,74.39665615266907,61.39610345494604,76.5665842898016,0.2117488238852674,5.0,10.0,7.5,-187.71929824561403,-1350.0,-330.7692307692308,-127.6243093922652,-176.9230769230769,-148.2315112540193,-6.2,0.750000000000003,-2.899999999999998,-2.9499999999999997,-4.55,-1.1000000000000023,176.5,-0.1131861912846532,5.87882423515298,176.16666666666666,174.79999999999998,13.75,6.5,7.25,0.3649635036496512,13.633333333333333,13.625,152.5,6.123869171885876,-0.2616088947024253,152.4333333333333,153.31666666666666,6.5,82.62,8.268936939286952
2022-12-01,4150.3,78.100942275,-10.795064728332138,6.5514267764893,22.42685875736966,19.52742502505918,75.64555860729027,61.577830989218526,76.51202694132937,0.2284544192622637,-11.2,7.9,-1.6499999999999997,489.4736842105263,2533.333333333333,106.24999999999996,-324.0,-21.0,-122.0,-8.1,-5.316666666666664,1.6333333333333355,-2.116666666666666,-3.233333333333333,-3.716666666666669,175.7,-0.4532577903682777,5.7160048134777375,176.29999999999998,175.3166666666667,13.75,6.5,7.25,0.3649635036496512,13.633333333333333,13.625,150.5,5.024424284717366,-1.3114754098360604,151.96666666666667,152.5,6.5,81.17,8.330935899768635
2023-01-01,3600.5,80.9222696842105,3.6124114857364775,-4.422123423877267,21.59468031826688,19.62488822445936,76.89804917851,61.85141142762893,76.46427536129217,0.2432707258182271,-8.2,6.5,-0.8499999999999996,86.36363636363633,109.6774193548387,30.76923076923068,-26.78571428571429,-17.721518987341778,-48.48484848484848,-4.799999999999999,-7.066666666666663,8.133333333333335,-0.5499999999999989,1.666666666666667,-3.808333333333336,176.5,0.4553215708594349,6.517803258901633,176.23333333333332,175.83333333333334,13.75,6.5,7.25,0.3649635036496512,13.633333333333333,13.625,150.7,4.798331015299007,0.1328903654485014,151.23333333333335,151.95000000000002,6.5,81.45,8.188828003688922
2023-02-01,3550.3,82.278706675,1.6762221278306066,-12.532470354016487,20.70678232599869,19.679990516424663,78.16767214750122,62.23975890920302,76.40818907966204,0.2559121937077915,-4.1,12.5,4.2,-57.73195876288659,-283.8235294117647,-150.9090909090909,-50.0,92.3076923076923,-594.1176470588238,-7.833333333333333,-7.016666666666663,8.966666666666669,3.0333333333333345,0.566666666666667,-1.9916666666666687,176.8,0.1699716713881027,6.441902468392535,176.33333333333334,176.25,13.75,6.5,7.25,0.3649635036496512,13.633333333333333,13.625,150.9,3.854094975911893,0.1327140013271499,150.70000000000002,151.56666666666666,6.5,81.73,8.174787385941196
2023-03-01,3650.8,78.5394802826087,-4.544585766474441,-30.41893720216031,19.50522661890908,19.67817980429446,79.40718460161847,62.60014348345423,76.29029830623209,0.2684824695746344,-8.0,-1.9,-4.95,158.06451612903226,-56.81818181818182,32.00000000000001,95.1219512195122,-115.2,-217.8571428571429,-6.766666666666666,-7.43333333333333,5.700000000000003,3.666666666666668,-0.5333333333333332,-1.883333333333336,177.2,0.2262443438913797,5.66487775790101,176.83333333333334,176.5666666666667,13.75,6.5,7.25,0.3649635036496512,13.633333333333333,13.625,151.0,1.410342511752849,0.0662690523525411,150.86666666666667,151.41666666666666,6.5,82.43,8.202701600642722
2023-04-01,3600.2,83.7553584166666,6.64109071678296,-18.657265358903675,18.088551330328915,19.729121196644734,80.84375561550738,63.012144568891934,76.16827166864792,0.2829868935363711,-2.3,11.4,4.550000000000001,-131.94444444444443,-1525.0,42.18750000000002,-71.25,-700.0000000000001,-191.91919191919197,-4.8,-4.799999999999996,7.333333333333336,7.733333333333334,1.2666666666666668,1.4666666666666643,178.1,0.5079006772009009,4.7031158142269325,177.36666666666667,176.79999999999998,13.75,6.5,7.25,0.3649635036496512,13.633333333333333,13.625,151.1,-0.7879185817465606,0.0662251655629164,151.0,151.11666666666667,6.5,82.13016393442624,8.188744678456604
2023-05-01,3500.6,74.9815478249999,-10.4755215159115,-31.52685084206585,16.69522464996258,19.646643879112005,81.89845252634069,63.37300615416972,75.91311937074587,0.2923239324816544,1.5,8.9,5.2,-97.46192893401016,535.7142857142858,-82.8099173553719,-165.2173913043478,-21.92982456140351,14.28571428571428,-2.933333333333332,-5.383333333333329,6.133333333333336,7.550000000000001,1.6000000000000003,1.0833333333333313,179.1,0.5614823133071267,4.309842748980786,178.13333333333333,177.23333333333335,13.75,6.5,7.25,0.3649635036496512,13.633333333333333,13.625,149.4,-3.612903225806452,-1.1250827266710672,150.5,150.6,6.5,81.84,8.160689661356734
2023-06-01,3580.9,74.9282520249999,-0.0710785540522285,-35.41301830617136,15.628258944683884,19.45975970644374,82.734733695428,63.809087972436906,75.60874657577894,0.2965979662828946,-6.8,0.5,-3.15,-126.98412698412696,-82.75862068965517,-122.41992882562278,-553.3333333333334,-94.3820224719101,-160.5769230769231,-2.5333333333333328,-4.649999999999996,6.933333333333335,6.316666666666667,2.2,0.8333333333333313,181.0,1.06085985482971,4.866743916570115,179.4,178.11666666666665,13.75,6.5,7.25,0.3649635036496512,13.633333333333333,13.625,148.9,-4.182754182754178,-0.3346720214190135,149.79999999999998,150.33333333333334,6.5,82.41,8.183369444447948
2023-07-01,3620.4,80.3684924285714,7.260599649056743,-23.815013635323037,14.722932300411417,19.159267476532225,83.58719778888039,64.3900845749766,75.31928682115507,0.2981377232320674,-3.6,8.3,2.3500000000000005,-256.52173913043475,-386.2068965517241,-883.3333333333334,-47.05882352941176,1560.0000000000002,-174.60317460317464,-2.9666666666666663,-3.8833333333333298,5.900000000000002,6.616666666666668,1.4666666666666668,1.3666666666666645,186.3,2.2008660361372043,7.439446366782021,182.13333333333333,179.75,13.75,6.5,7.25,0.3649635036496512,13.633333333333333,13.625,152.1,-1.2337662337662425,2.149093351242426,150.13333333333333,150.56666666666666,6.5,82.33131147540983,8.194339795953015
2023-08-01,3680.7,86.4267037619047,7.53804277057657,-11.27028583172801,14.108678049223853,18.95410999262323,84.42755067129475,65.01120804016733,75.17135525739845,0.2986614649451058,6.0,9.9,7.95,-236.36363636363632,-210.0,-218.6567164179104,-266.66666666666663,19.27710843373493,238.29787234042547,-1.466666666666666,-2.1999999999999966,6.233333333333335,6.183333333333335,2.3833333333333337,1.9916666666666647,186.2,-0.0536768652710795,6.827309236947787,184.5,181.3166666666667,13.75,6.5,7.25,0.3649635036496512,13.633333333333333,13.625,152.5,-0.4569190600522077,0.2629848783694877,151.16666666666666,150.83333333333334,6.5,82.25,8.210858230465247
2023-09-01,3750.2,93.5393394,8.229673617646881,3.1232595651663253,13.69612776686602,18.942316256588686,85.38787875854113,65.64585282080226,75.15316885633784,0.3007353106011123,1.0,2.7,1.85,-118.1818181818182,-147.3684210526316,-133.03571428571428,-83.33333333333334,-72.72727272727273,-76.72955974842768,1.1333333333333335,-0.6999999999999963,6.966666666666669,6.950000000000002,4.05,3.124999999999998,184.1,-1.082979967831554,5.019965772960622,185.5333333333333,182.46666666666667,13.75,6.5,7.25,0.3649635036496512,13.633333333333333,13.625,151.8,-0.0658327847267936,-0.4590163934426128,152.13333333333335,150.96666666666667,6.5,82.69,8.229564450875618
2023-10-01,3950.5,90.0803430227272,-3.69790550100122,-1.7651300262647385,13.070920073512385,18.914154489063787,86.27732430929872,66.20364447026114,75.26960672498264,0.30321109962541,15.9,9.3,12.6,-187.8453038674033,-171.53846153846155,-181.0289389067524,1121.4909090909146,244.44444444444449,581.0810810810812,7.633333333333334,2.333333333333337,7.300000000000002,6.600000000000001,7.466666666666668,4.466666666666665,185.3,0.6518196632265161,4.867006225240544,185.2,183.66666666666663,13.75,6.5,7.25,0.3649635036496512,13.633333333333333,13.625,152.5,-0.2616088947024253,0.4611330698287119,152.26666666666668,151.20000000000002,6.5,82.96049180327869,8.281597432162789
2023-11-01,4100.8,83.4553682142857,-7.354517740646294,-4.679373861900515,12.567170269973388,18.86415568433701,86.82740042134353,66.6308507187532,75.45042745950644,0.3031110887033299,-4.8,-3.4,-4.1,-196.0,-134.0,-154.66666666666666,-130.18867924528303,-136.55913978494624,-132.53968253968253,4.033333333333334,1.2833333333333372,2.8666666666666685,4.550000000000002,3.4500000000000006,2.9166666666666647,186.3,0.5396654074473872,5.552407932011327,185.23333333333332,184.86666666666667,13.75,6.5,7.25,0.3649635036496512,13.633333333333333,13.625,153.1,0.3934426229508236,0.3934426229508236,152.46666666666667,151.81666666666666,6.5,83.24,8.318937355609807
2023-12-01,4350.3,77.4197216315789,-7.232184953290566,-0.8722310174216097,12.383570354428729,18.780365663152264,87.00863622648707,66.96925749319499,75.65491795051521,0.2992325058304306,5.2,3.0,4.1,-146.42857142857144,-62.0253164556962,-348.48484848484856,-208.33333333333331,-188.23529411764704,-200.0,5.433333333333335,3.283333333333337,2.966666666666669,4.966666666666668,4.2,4.124999999999997,185.7,-0.3220611916264215,5.691519635742748,185.76666666666665,185.65,13.75,6.5,7.25,0.3649635036496512,13.633333333333333,13.625,151.8,0.8637873754152814,-0.8491182233833938,152.46666666666667,152.3,6.5,83.27,8.37800008722196
