,retail_sales,log_retail_sales,gdp_growth_macro,inflation_macro,interest_rate_macro,unemployment_macro,iip_durable_iip,iip_nondurable_iip,iip_combined_iip,iip_durable_yoy_iip,iip_nondurable_yoy_iip,iip_combined_yoy_iip,iip_durable_mom_iip,iip_nondurable_mom_iip,iip_combined_mom_iip,iip_durable_3m_avg_iip,iip_durable_6m_avg_iip,iip_nondurable_3m_avg_iip,iip_nondurable_6m_avg_iip,iip_combined_3m_avg_iip,iip_combined_6m_avg_iip,cpi_index_cpi,inflation_mom_cpi,inflation_yoy_cpi,cpi_3m_avg_cpi,cpi_6m_avg_cpi
2015-01-01,2100.5,7.649930690609437,7.5,5.2,7.75,5.5,-0.3,3.5,1.6,-104.22535211267603,-16.666666666666675,-71.68141592920354,-104.61538461538464,-22.22222222222222,-70.9090909090909,5.233333333333333,3.1666666666666665,5.4,2.333333333333333,5.316666666666667,2.75,119.5,0.0837520938023361,5.193661971830998,119.66666666666669,119.91666666666669
2015-02-01,2050.3,7.625741402889001,7.6,5.3,7.75,5.4,2.3,9.6,5.949999999999999,-68.49315068493152,585.7142857142858,36.7816091954023,-866.6666666666666,174.28571428571428,271.87499999999994,2.8333333333333326,2.4000000000000004,5.866666666666667,3.6666666666666665,4.3500000000000005,3.0333333333333328,119.7,0.1673640167364043,5.369718309859173,119.53333333333336,119.81666666666666
2015-03-01,2200.8,7.696576209610365,7.4,5.4,7.5,5.3,4.6,7.6,6.1,-41.77215189873419,660.0,37.07865168539324,100.0,-20.833333333333336,2.521008403361358,2.1999999999999997,1.7500000000000002,6.9,4.616666666666666,4.55,3.183333333333332,120.2,0.417710944026739,5.25394045534151,119.8,119.83333333333331
2015-04-01,2150.2,7.673316140051128,7.5,5.5,7.5,5.3,1.8,5.7,3.75,-18.181818181818187,185.0,78.57142857142856,-60.86956521739131,-24.99999999999999,-38.52459016393443,2.899999999999999,4.066666666666667,7.633333333333333,6.516666666666667,5.266666666666667,5.291666666666665,120.7,0.4159733777038266,4.865334491746309,120.2,119.93333333333334
2015-05-01,2050.6,7.625887712235991,7.6,5.6,7.5,5.2,-1.1,4.2,1.55,-109.82142857142858,133.33333333333334,-76.15384615384615,-161.11111111111111,-26.315789473684216,-58.66666666666666,1.766666666666666,2.3000000000000003,5.833333333333333,5.8500000000000005,3.8000000000000007,4.074999999999999,121.6,0.7456503728251684,5.008635578583753,120.83333333333331,120.18333333333334
2015-06-01,2080.9,7.640555771418734,7.5,5.7,7.25,5.1,7.7,-0.1,3.8,120.0,-102.56410256410255,2.7027027027026973,-800.0,-102.38095238095238,145.16129032258064,2.7999999999999994,2.5000000000000004,3.266666666666667,5.083333333333333,3.0333333333333337,3.791666666666666,123.0,1.1513157894736947,5.398457583547556,121.76666666666668,120.78333333333336
2015-07-01,2120.4,7.659360029113651,7.6,5.8,7.25,5.0,3.8,-6.6,-1.4,-51.28205128205128,-195.65217391304347,-119.04761904761904,-50.64935064935065,5987.000000000006,-136.84210526315786,3.4666666666666663,3.1833333333333336,-0.833333333333333,3.4,1.3166666666666675,3.2916666666666656,123.6,0.4878048780487809,3.691275167785224,122.73333333333332,121.46666666666668
2015-08-01,2180.7,7.687401205158699,7.5,5.6,7.25,5.1,1.8,1.5,1.65,-73.91304347826086,-6.25,-61.1764705882353,-52.63157894736842,-122.72727272727272,-217.8571428571429,4.433333333333333,3.1,-1.7333333333333332,2.0500000000000003,1.3500000000000008,2.5749999999999997,124.8,0.9708737864077666,3.740648379052369,123.8,122.31666666666666
2015-09-01,2250.2,7.7187743801369715,7.3,5.5,7.0,5.2,-2.8,1.6,-0.5999999999999999,-132.94117647058823,-15.78947368421052,-111.53846153846156,-255.55555555555557,6.666666666666665,-136.36363636363637,0.9333333333333328,1.8666666666666671,-1.1666666666666663,1.05,-0.1166666666666658,1.4583333333333328,125.4,0.480769230769229,4.412989175686932,124.59999999999998,123.18333333333332
2015-10-01,2400.5,7.783432327970995,7.4,5.4,6.75,5.3,17.7,15.3,16.5,-246.2809917355372,-368.42105263157896,-285.39325842696627,-732.1428571428571,856.25,-1721.0625000000005,5.5666666666666655,4.516666666666667,6.133333333333334,2.6500000000000004,5.8500000000000005,3.5833333333333326,126.1,0.5582137161084466,4.995836802664444,125.43333333333334,124.08333333333331
2015-11-01,2600.8,7.8635743689896955,7.2,5.3,6.75,5.4,-4.5,5.3,0.3999999999999999,-147.36842105263156,-35.36585365853659,-95.48022598870055,-125.42372881355932,-65.359477124183,-97.57575757575758,3.4666666666666663,3.9500000000000006,7.399999999999999,2.833333333333334,5.433333333333334,3.3916666666666657,126.6,0.3965107057890549,5.412156536219825,126.03333333333336,124.91666666666669
2015-12-01,2850.3,7.955179530880813,7.3,5.2,6.75,5.5,5.2,5.4,5.300000000000001,-20.0,20.000000000000018,-3.6363636363636265,-215.5555555555556,1.8867924528301885,1225.0000000000005,6.133333333333333,3.533333333333333,8.666666666666666,3.75,7.400000000000001,3.6416666666666657,126.1,-0.3949447077409185,5.611390284757101,126.26666666666664,125.43333333333334
2016-01-01,2300.5,7.740881769595523,7.6,5.4,6.75,5.6,3.1,3.5,3.3,-1133.3333333333337,0.0,106.24999999999996,-40.38461538461539,-35.18518518518518,-37.73584905660379,1.2666666666666668,3.4166666666666674,4.733333333333333,5.433333333333334,3.0000000000000013,4.425,126.3,0.1586042823156219,5.690376569037658,126.33333333333331,125.88333333333333
2016-02-01,2250.3,7.7188188196437,7.8,5.5,6.75,5.5,6.7,1.4,4.05,191.304347826087,-85.41666666666666,-31.93277310924369,116.1290322580645,-60.00000000000001,22.72727272727273,5.0,4.233333333333333,3.433333333333333,5.416666666666667,4.216666666666668,4.824999999999999,126.0,-0.2375296912114022,5.263157894736836,126.13333333333333,126.08333333333331
2016-03-01,2350.8,7.762510974738495,7.9,5.3,6.75,5.4,2.2,-3.7,-0.75,-52.17391304347825,-148.6842105263158,-112.29508196721312,-67.16417910447761,-364.28571428571433,-118.5185185185185,4.000000000000001,5.066666666666667,0.3999999999999999,4.533333333333333,2.2000000000000006,4.8,126.0,0.0,4.825291181364388,126.1,126.18333333333332
2016-04-01,2300.2,7.740751354658481,7.7,5.2,6.5,5.3,9.3,0.2,4.75,416.6666666666667,-96.49122807017544,26.66666666666666,322.72727272727275,-105.4054054054054,-733.3333333333333,6.066666666666667,3.6666666666666674,-0.7000000000000001,2.0166666666666666,2.6833333333333336,2.8416666666666663,127.3,1.031746031746028,5.468102734051361,126.43333333333332,126.38333333333333
2016-05-01,2200.6,7.696485329435812,7.6,5.4,6.5,5.2,9.9,11.3,10.6,-1000.0,169.0476190476191,583.8709677419356,6.451612903225801,5550.0,123.15789473684214,7.133333333333334,6.066666666666667,2.6,3.016666666666667,4.866666666666667,4.541666666666667,128.6,1.021209740769824,5.756578947368429,127.3,126.71666666666664
2016-06-01,2280.9,7.732325380902501,7.5,5.6,6.5,5.1,4.5,11.4,7.95,-41.55844155844156,-6823.0,109.21052631578948,-54.54545454545454,0.8849557522123908,-25.00000000000001,7.900000000000001,5.95,7.633333333333333,4.016666666666667,7.766666666666667,4.9833333333333325,130.1,1.1664074650077794,5.772357723577226,128.66666666666666,127.38333333333333
2016-07-01,2320.4,7.749494863591909,7.4,5.8,6.5,5.0,0.2,14.5,7.35,-94.73684210526316,-319.69696969696975,-625.0,-95.55555555555556,27.192982456140346,-7.547169811320764,4.866666666666667,5.466666666666668,12.4,5.8500000000000005,8.633333333333335,5.658333333333332,131.1,0.768639508070712,6.067961165048552,129.93333333333334,128.18333333333334
2016-08-01,2380.7,7.775149841068463,7.2,5.7,6.5,5.0,7.3,11.3,9.3,305.55555555555554,653.3333333333334,463.6363636363637,1121.4909090909146,-22.06896551724138,26.530612244897966,4.000000000000001,5.566666666666667,12.4,7.5,8.200000000000001,6.533333333333334,131.1,0.0,5.048076923076916,130.76666666666665,129.03333333333333
2016-09-01,2450.2,7.80392493286007,7.1,5.6,6.25,5.1,10.3,12.7,11.5,-467.8571428571429,693.7499999999999,-2006.105263157895,41.09589041095892,12.389380530973447,23.655913978494624,5.933333333333335,6.916666666666668,12.833333333333334,10.233333333333333,9.383333333333336,8.575000000000001,130.9,-0.1525553012967084,4.385964912280693,131.03333333333333,129.85
2016-10-01,2650.5,7.882503580427861,7.0,5.5,6.25,5.2,1.5,5.6,3.55,-91.52542372881356,-63.39869281045751,-78.48484848484848,-85.4368932038835,-55.90551181102362,-69.1304347826087,6.366666666666667,5.616666666666667,9.866666666666667,11.133333333333333,8.116666666666667,8.375,131.4,0.381970970206269,4.203013481364004,131.13333333333333,130.53333333333333
2016-11-01,2800.8,7.937660369640456,6.9,5.4,6.25,5.3,6.8,3.3,5.05,-251.11111111111111,-37.735849056603776,1162.5000000000002,353.3333333333333,-41.07142857142857,42.253521126760575,6.2,5.1000000000000005,7.199999999999999,9.8,6.7,7.449999999999999,131.2,-0.1522070015220866,3.633491311216419,131.16666666666666,130.96666666666667
2016-12-01,3050.3,8.022995225420104,7.0,5.2,6.25,5.2,-5.0,-0.2,-2.6,-196.15384615384613,-103.7037037037037,-149.0566037735849,-173.52941176470588,-106.06060606060606,-151.4851485148515,1.1000000000000003,3.516666666666667,2.9,7.866666666666667,2.0,5.6916666666666655,130.4,-0.609756097560965,3.4099920697858943,131.0,131.01666666666668
2017-01-01,2500.5,7.824245990858959,6.8,5.0,6.25,5.1,-2.0,9.6,3.8,-164.51612903225805,174.28571428571428,15.15151515151516,-60.0,-2397.0,-246.15384615384616,-0.0666666666666661,3.1500000000000004,4.233333333333333,7.05,2.083333333333333,5.1,130.3,-0.0766871165644111,3.1670625494853555,130.63333333333335,130.88333333333333
2017-02-01,2450.3,7.8039657450221,6.7,4.8,6.25,5.0,-4.6,10.4,2.9000000000000004,-168.65671641791045,642.857142857143,-28.395061728395056,129.99999999999997,8.333333333333348,-23.684210526315773,-3.866666666666666,1.1666666666666674,6.599999999999999,6.9,1.3666666666666665,4.033333333333332,130.6,0.2302379125095788,3.650793650793638,130.43333333333337,130.8
2017-03-01,2550.8,7.844162314441117,6.6,4.5,6.25,4.9,-0.6,7.5,3.45,-127.27272727272728,-302.70270270270265,-560.0,-86.95652173913044,-27.884615384615387,18.96551724137929,-2.399999999999999,-0.6499999999999994,9.166666666666666,6.033333333333334,3.3833333333333333,2.691666666666666,130.9,0.2297090352220587,3.888888888888897,130.6,130.79999999999998
2017-04-01,2500.2,7.824126007656463,6.5,4.3,6.25,4.8,-0.7,8.8,4.050000000000001,-107.5268817204301,3998.9999999999955,-14.736842105263149,16.666666666666675,17.333333333333336,17.391304347826097,-1.966666666666666,-1.0166666666666662,8.9,6.566666666666666,3.4666666666666672,2.775,131.1,0.1527883880825031,2.9850746268656803,130.86666666666667,130.75
2017-05-01,2400.6,7.783473985091244,6.4,4.5,6.25,4.7,0.6,9.7,5.15,-93.93939393939394,-14.15929203539824,-51.415094339622655,-185.7142857142857,10.227272727272709,27.160493827160455,-0.2333333333333327,-2.0499999999999994,8.666666666666666,7.633333333333333,4.216666666666668,2.791666666666666,131.4,0.2288329519450904,2.177293934681201,131.13333333333333,130.78333333333333
2017-06-01,2480.9,7.816376676551386,6.5,4.8,6.25,4.6,-3.5,4.8,0.6499999999999999,-177.77777777777777,-57.89473684210527,-91.8238993710692,-683.3333333333334,-50.51546391752577,-87.37864077669903,-1.1999999999999995,-1.7999999999999992,7.766666666666667,8.466666666666667,3.283333333333333,3.333333333333333,132.0,0.4566210045662044,1.460415065334364,131.5,131.04999999999998
2017-07-01,2520.4,7.832172898067901,6.6,5.1,6.0,4.5,-2.4,4.1,0.8499999999999999,-1299.9999999999998,-71.72413793103449,-88.43537414965986,-31.428571428571427,-14.583333333333336,30.76923076923077,-1.7666666666666664,-1.866666666666666,6.199999999999999,7.550000000000001,2.2166666666666663,2.8416666666666663,134.2,1.6666666666666607,2.3646071700991644,132.53333333333333,131.70000000000002
2017-08-01,2580.7,7.855815958945095,6.7,5.2,6.0,4.6,4.3,7.2,5.75,-41.0958904109589,-36.283185840707965,-38.17204301075269,-279.1666666666667,75.609756097561,576.4705882352941,-0.5333333333333327,-0.3833333333333326,5.366666666666667,7.016666666666667,2.4166666666666665,3.3166666666666664,135.4,0.8941877794336861,3.279938977879482,133.86666666666667,132.5
2017-09-01,2650.2,7.882390387830536,6.8,5.3,6.0,4.7,-4.1,10.5,3.2,-139.80582524271844,-17.322834645669282,-72.17391304347827,-195.3488372093023,45.83333333333333,-44.34782608695652,-0.7333333333333325,-0.966666666666666,7.266666666666666,7.516666666666666,3.266666666666667,3.275,135.2,-0.1477104874446189,3.2849503437738514,134.9333333333333,133.21666666666667
2017-10-01,2850.5,7.955249696471636,6.9,5.4,6.0,4.8,-9.0,8.2,-0.4000000000000003,-700.0,46.428571428571416,-111.26760563380284,119.51219512195124,-21.90476190476192,-112.5,-2.933333333333332,-2.349999999999999,8.633333333333333,7.416666666666667,2.85,2.5333333333333328,136.1,0.6656804733727872,3.5768645357686424,135.56666666666666,134.04999999999998
2017-11-01,3000.8,8.006634198767678,7.0,5.5,6.0,4.7,3.1,21.864000000000026,13.4,-54.41176470588235,618.1818181818181,165.34653465346537,-134.44444444444446,189.02439024390247,-1721.0625000000005,-3.3333333333333326,-1.9333333333333325,14.133333333333333,9.749999999999998,5.4,3.9083333333333328,137.6,1.102130786186617,4.878048780487809,136.29999999999998,135.08333333333334
2017-12-01,3250.3,8.086502578755997,7.1,5.6,6.0,4.6,2.1,16.8,9.45,-142.0,-6823.0,-463.4615384615385,-32.258064516129025,-29.11392405063291,-29.477611940298495,-1.2666666666666655,-0.999999999999999,15.316666666666666,11.75,7.483333333333334,5.375,137.2,-0.2906976744186051,5.21472392638036,136.96666666666667,135.95000000000002
2018-01-01,2700.5,7.901192220032946,7.2,5.7,6.0,4.5,7.6,10.7,9.15,-480.0,11.458333333333323,140.7894736842105,261.90476190476187,-36.30952380952381,-3.1746031746031966,4.266666666666668,0.6666666666666675,15.316666666666666,12.85,10.666666666666666,6.758333333333333,136.9,-0.218658892128265,5.065234075211045,137.23333333333332,136.4
2018-02-01,2650.3,7.882428120119947,7.3,5.8,6.0,4.4,7.5,7.4,7.45,-263.0434782608696,-28.846153846153843,156.8965517241379,-1.3157894736842035,-30.84112149532709,-18.579234972677583,5.733333333333334,1.2000000000000008,11.633333333333333,12.883333333333333,8.683333333333334,7.041666666666667,136.4,-0.365230094959823,4.441041347626351,136.83333333333334,136.56666666666666
2018-03-01,2750.8,7.919647057445681,7.4,5.9,6.0,4.3,6.2,14.1,10.15,-1133.3333333333337,87.99999999999999,194.20289855072463,-17.333333333333336,90.54054054054052,36.24161073825503,7.1000000000000005,2.9166666666666674,10.733333333333334,13.212666666666665,8.916666666666666,8.2,136.5,0.0733137829912022,4.278074866310155,136.6,136.78333333333333
2018-04-01,2700.2,7.901081123323146,7.5,6.0,6.0,4.2,3.9,7.5,5.7,-657.1428571428572,-14.772727272727282,40.74074074074072,-37.096774193548384,-46.80851063829788,-43.84236453201971,5.866666666666668,5.066666666666667,9.666666666666666,13.212666666666665,7.766666666666667,9.216666666666669,137.1,0.439560439560438,4.576659038901609,136.66666666666666,136.95000000000002
2018-05-01,2600.6,7.863497466617219,7.6,6.1,6.25,4.1,6.7,-1.6,2.55,1016.6666666666669,-116.49484536082475,-50.48543689320388,71.79487179487181,-121.33333333333334,-55.26315789473685,5.600000000000001,5.666666666666667,6.666666666666667,9.15,6.133333333333333,7.408333333333332,137.8,0.510576221735981,4.87062404870624,137.13333333333335,136.98333333333332
2018-06-01,2680.9,7.893907838025209,7.5,6.2,6.25,4.0,13.6,0.2,6.9,-488.5714285714286,-95.83333333333334,961.5384615384615,102.98507462686568,-112.5,170.58823529411765,8.066666666666668,7.583333333333335,2.033333333333333,6.383333333333333,5.05,6.983333333333333,138.5,0.5079825834542806,4.924242424242431,137.79999999999998,137.20000000000002
2018-07-01,2720.4,7.908534207301484,7.4,6.3,6.5,4.1,14.1,5.3,9.7,-687.5,29.268292682926838,1041.1764705882354,3.6764705882353033,2549.9999999999995,40.57971014492754,11.466666666666669,8.666666666666666,1.2999999999999998,5.483333333333333,6.383333333333333,7.075,139.8,0.9386281588447788,4.172876304023854,138.70000000000002,137.68333333333334
2018-08-01,2780.7,7.930457973549896,7.3,6.4,6.5,4.2,5.5,6.5,6.0,27.906976744186053,-9.72222222222222,4.347826086956519,-60.99290780141844,22.64150943396226,-38.144329896907216,11.066666666666668,8.333333333333334,4.0,5.333333333333333,7.533333333333332,6.833333333333333,140.4,0.4291845493562096,3.692762186115206,139.5666666666667,138.35
2018-09-01,2850.2,7.955144446239112,7.2,6.5,6.5,4.3,5.4,6.4,5.9,-231.7073170731708,-39.04761904761904,84.375,-1.818181818181808,-1.538461538461533,-1.6666666666666607,8.333333333333334,8.200000000000001,6.066666666666666,4.05,7.2,6.124999999999999,140.2,-0.1424501424501567,3.698224852071008,140.13333333333333,138.96666666666667
2018-10-01,3050.5,8.023060790591908,7.1,6.4,6.5,4.4,17.4,8.6,13.0,-293.3333333333333,4.878048780487809,-2006.105263157895,222.2222222222222,34.37499999999998,120.33898305084745,9.433333333333335,10.45,7.166666666666667,4.233333333333333,8.299999999999999,7.341666666666666,140.7,0.3566333808844524,3.379867744305653,140.4333333333333,139.56666666666666
2018-11-01,3200.8,8.071156057543025,7.0,6.3,6.5,4.5,-3.0,-0.3,-1.65,-196.7741935483871,-101.26582278481013,-112.31343283582088,-117.24137931034484,-103.48837209302326,-112.6923076923077,6.600000000000001,8.833333333333334,4.9,4.45,5.75,6.641666666666667,140.8,0.0710732054015839,2.3255813953488413,140.5666666666667,140.0666666666667
2018-12-01,3450.3,8.146216462766645,6.9,6.2,6.5,4.6,4.1,6.5,5.3,95.2380952380952,-61.30952380952381,-43.91534391534392,-236.66666666666663,-2266.666666666667,-421.2121212121213,6.166666666666668,7.250000000000001,4.933333333333334,5.5,5.55,6.374999999999999,140.1,-0.497159090909105,2.1137026239067103,140.53333333333333,140.33333333333334
2019-01-01,2900.5,7.972638414906119,6.8,6.1,6.5,4.7,2.5,3.8,3.15,-67.10526315789474,-64.48598130841121,-65.57377049180327,-39.02439024390243,-41.53846153846155,-40.56603773584906,1.2000000000000015,5.316666666666667,3.333333333333333,5.25,2.266666666666667,5.283333333333332,139.6,-0.356887937187722,1.9722425127830512,140.16666666666666,140.29999999999998
2019-02-01,2850.3,7.955179530880813,6.7,6.0,6.25,4.8,0.9,5.0,2.95,-88.0,-32.432432432432435,-60.40268456375839,-64.0,31.578947368421066,-6.349206349206337,2.5000000000000018,4.550000000000001,5.1000000000000005,5.0,3.8,4.775,139.9,0.2148997134670649,2.56598240469208,139.86666666666667,140.21666666666667
2019-03-01,2950.8,7.989831599010147,6.6,5.9,6.25,4.9,-3.2,1.4,-0.9000000000000001,-151.61290322580646,-90.0709219858156,-108.86699507389164,-455.55555555555554,-72.0,-130.5084745762712,0.0666666666666683,3.116666666666668,3.4000000000000004,4.166666666666666,1.7333333333333334,3.641666666666666,140.4,0.3573981415296634,2.857142857142869,139.96666666666667,140.25
2019-04-01,2900.2,7.972534979113795,6.5,5.8,6.0,5.0,2.2,5.4,3.8,-43.58974358974358,-27.999999999999996,-33.33333333333333,-168.75,285.7142857142858,-522.2222222222223,-0.0333333333333315,0.5833333333333345,3.9333333333333336,3.633333333333333,1.95,2.108333333333333,141.2,0.5698005698005604,2.9905178701677526,140.5,140.33333333333334
2019-05-01,2800.6,7.937588958921677,6.4,5.7,6.0,5.1,0.2,8.1,4.15,-97.01492537313432,-606.2499999999999,62.74509803921568,-90.9090909090909,49.99999999999998,9.210526315789448,-0.2666666666666649,1.1166666666666678,4.966666666666667,5.033333333333334,2.35,3.0749999999999997,142.0,0.56657223796035,3.047895500725684,141.20000000000002,140.53333333333333
2019-06-01,2880.9,7.965858024312037,6.3,5.6,5.75,5.2,-10.2,7.4,-1.3999999999999997,-175.0,3600.0,-120.28985507246377,-3291.999999999999,-8.64197530864197,-133.73493975903614,-2.599999999999998,-1.2666666666666653,6.966666666666666,5.183333333333334,2.1833333333333336,1.9583333333333328,142.9,0.6338028169014187,3.1768953068592065,142.03333333333333,141.0
2019-07-01,2920.4,7.979475872181931,6.2,5.5,5.75,5.3,-2.4,8.5,3.05,-117.02127659574468,60.377358490566046,-68.55670103092784,-76.47058823529412,14.864864864864868,-317.85714285714295,-4.133333333333331,-2.083333333333332,8.0,5.966666666666666,1.9333333333333331,1.9416666666666655,144.2,0.9097270818754222,3.147353361945626,143.03333333333333,141.76666666666668
2019-08-01,2980.7,7.999913451243781,6.1,5.4,5.4,5.4,-9.7,3.1,-3.3,-276.3636363636364,-52.3076923076923,-154.99999999999997,304.1666666666667,-63.52941176470588,-208.1967213114754,-7.433333333333331,-3.8499999999999983,6.333333333333333,5.65,-0.5499999999999998,0.8999999999999995,145.0,0.554785020804438,3.276353276353272,144.03333333333333,142.61666666666667
2019-09-01,3050.2,8.022962441222083,6.0,5.3,5.4,5.5,-10.5,-1.1,-5.8,-294.44444444444446,-117.1875,-198.3050847457627,8.247422680412386,-135.48387096774195,75.75757575757575,-7.533333333333331,-5.0666666666666655,3.5,5.233333333333333,-2.0166666666666666,0.0833333333333327,145.8,0.5517241379310533,3.9942938659058624,145.0,143.51666666666665
2019-10-01,3250.5,8.086564109644524,5.9,5.2,5.15,5.6,-18.9,-3.3,-11.1,-208.6206896551724,-138.3720930232558,-185.3846153846154,79.99999999999999,199.99999999999997,91.3793103448276,-13.033333333333331,-8.583333333333332,-0.4333333333333333,3.783333333333333,-6.733333333333333,-2.4000000000000004,147.2,0.9602194787379892,4.619758351101644,146.0,144.51666666666668
2019-11-01,3400.8,8.13176597704458,5.8,5.1,5.15,5.7,-1.4,1.1,-0.1499999999999999,-53.33333333333334,-466.6666666666667,-90.90909090909092,-92.5925925925926,-133.33333333333334,-98.64864864864865,-10.266666666666664,-8.849999999999998,-1.1,2.6166666666666667,-5.683333333333333,-3.116666666666667,148.6,0.9510869565217516,5.539772727272707,147.20000000000002,145.61666666666667
2019-12-01,3650.3,8.2025646349798,5.7,5.0,5.15,5.8,-5.6,-3.2,-4.4,-236.58536585365857,-149.23076923076923,-183.01886792452837,300.0,-390.9090909090909,2455.33333333334,-8.633333333333331,-8.083333333333332,-1.8,0.85,-5.216666666666667,-3.616666666666667,150.4,1.211305518169592,7.351891506067099,148.73333333333332,146.86666666666667
2020-01-01,3000.5,8.006534220429568,5.6,4.9,5.15,5.9,-3.7,-0.6,-2.15,-248.0,-115.78947368421052,-168.25396825396825,-33.928571428571416,-81.25,-51.13636363636365,-3.566666666666664,-8.299999999999999,-0.9,-0.6666666666666666,-2.233333333333334,-4.483333333333334,150.2,-0.1329787234042645,7.59312320916905,149.73333333333332,147.86666666666665
2020-02-01,2950.3,7.9896621390785425,5.5,4.8,5.15,6.0,-6.2,-0.3,-3.25,-788.8888888888889,-106.0,-210.1694915254237,67.56756756756756,-50.0,51.16279069767442,-5.166666666666664,-7.716666666666665,-1.366666666666667,-1.2333333333333332,-3.266666666666667,-4.4750000000000005,149.1,-0.7323568575232975,6.576125804145816,149.9,148.54999999999998
2020-03-01,2650.8,7.882616760214072,3.5,4.7,4.4,8.0,-36.8,-17.278,-29.55,1035.6666666666663,-1692.8571428571431,1183.8750000000005,493.5483870967741,5987.000000000006,809.2307692307692,-15.566666666666665,-12.1,-7.733333333333334,-4.766666666666667,-11.65,-8.433333333333334,148.6,-0.3353454057679395,5.840455840455827,149.29999999999998,149.01666666666668
2020-04-01,2200.2,7.696303544305335,1.57,4.5,4.4,9.464999999999996,-52.209999999999994,-17.278,-34.357,-3095.5,-990.7407407407406,-1992.1052631578948,160.05434782608697,115.69506726457396,143.3164128595601,-46.23333333333333,-24.899999999999995,-20.266666666666666,-12.233333333333334,-34.9,-18.566666666666663,151.4,1.8842530282638048,7.223796033994345,149.70000000000002,149.71666666666667
2020-05-01,2300.6,7.7409252374619095,1.57,4.4,4.0,9.464999999999996,-52.209999999999994,-9.7,-34.357,-3095.5,-219.7530864197531,-1063.8554216867471,-26.54127481713689,-79.83367983367984,-44.36717663421419,-56.58333333333333,-36.383333333333326,-20.266666666666666,-12.378,-38.425,-25.20833333333333,150.9,-0.3302509907529671,6.26760563380282,150.29999999999998,150.1
2020-06-01,2580.9,7.855893454295412,2.5,4.5,4.0,9.0,-34.8,6.9,-13.95,241.17647058823528,-6.756756756756754,896.4285714285717,-50.49786628733997,-171.13402061855672,-65.125,-56.58333333333333,-41.24999999999999,-16.966666666666665,-12.35,-38.425,-26.8,151.8,0.5964214711729587,6.228131560531836,151.36666666666667,150.33333333333334
2020-07-01,2720.4,7.908534207301484,3.5,4.6,4.0,8.5,-23.7,1.8,-10.95,887.5,-78.82352941176471,-459.0163934426229,-31.89655172413792,-73.91304347826086,-21.505376344086024,-42.93333333333333,-43.11666666666667,-0.3333333333333306,-11.949999999999998,-21.633333333333336,-27.621333333333332,153.9,1.383399209486158,6.726768377253833,152.20000000000002,150.95000000000002
2020-08-01,2880.7,7.965788599152331,4.5,4.7,4.0,8.0,-10.2,-3.0,-6.6,5.154639175257736,-196.7741935483871,100.0,-56.9620253164557,-266.66666666666663,-39.72602739726028,-22.899999999999995,-43.11666666666667,1.9000000000000028,-12.378,-10.5,-27.621333333333332,154.7,0.5198180636777128,6.689655172413778,153.46666666666667,151.88333333333333
2020-09-01,3050.2,8.022962441222083,5.5,4.9,4.0,7.5,5.3,2.4,3.85,-150.47619047619048,-318.1818181818182,-166.3793103448276,-151.96078431372547,-179.99999999999997,-158.33333333333331,-9.533333333333331,-38.23333333333333,0.4000000000000026,-8.283333333333333,-4.566666666666666,-23.258333333333336,156.4,1.0989010989011172,7.270233196159115,155.0,153.18333333333334
2020-10-01,3150.5,8.05531644938211,6.5,5.1,4.0,7.0,18.1,7.3,12.7,-195.76719576719577,-321.21212121212125,-214.41441441441444,241.50943396226415,204.16666666666663,229.87012987012992,4.400000000000001,-19.266666666666666,2.233333333333336,0.9500000000000014,3.316666666666667,-9.158333333333337,158.4,1.278772378516635,7.608695652173925,156.5,154.35
2020-11-01,3300.8,8.101920142316988,7.5,5.3,4.0,6.5,-3.2,-0.7,-1.95,128.5714285714286,-163.63636363636363,1183.8750000000005,-117.67955801104972,-109.5890410958904,-115.3543307086614,6.733333333333334,-8.083333333333327,3.000000000000002,2.450000000000001,4.866666666666667,-2.8166666666666687,158.9,0.3156565656565746,6.931359353970401,157.9,155.68333333333334
2020-12-01,3550.3,8.174787385941196,8.5,5.5,4.0,6.0,6.5,1.9,4.2,-216.07142857142856,-159.375,-195.45454545454547,-303.125,-371.4285714285714,-315.38461538461536,7.133333333333334,-1.1999999999999946,2.833333333333336,1.6166666666666678,4.983333333333333,0.2083333333333312,157.3,-1.0069225928256764,4.58776595744681,158.20000000000002,156.6
2021-01-01,3200.5,8.071062326582059,9.5,5.7,4.0,5.8,-0.1,-5.4,-2.75,-97.2972972972973,800.0000000000002,27.906976744186053,-101.53846153846152,-384.2105263157896,-165.47619047619045,1.0666666666666669,2.7333333333333383,-1.3999999999999977,0.4166666666666678,-0.1666666666666666,1.5749999999999975,156.3,-0.6357279084551859,4.061251664447418,157.50000000000003,157.0
2021-02-01,3150.3,8.055252965380058,10.5,5.9,4.0,5.6,6.6,-3.8,1.4,-206.4516129032258,1166.6666666666663,-143.07692307692307,-3291.999999999999,-29.62962962962964,-150.9090909090909,4.333333333333333,5.5333333333333385,-2.433333333333331,0.2833333333333345,0.95,2.908333333333331,156.6,0.1919385796544936,5.030181086519114,156.73333333333335,157.31666666666666
2021-03-01,3250.8,8.08665639887905,11.429999999999993,6.1,4.0,5.4,59.468,21.864000000000026,34.873000000000076,-262.77173913043475,-230.9417040358745,-250.76142131979697,807.5757575757576,-868.421052631579,2455.33333333334,22.133333333333336,14.523333333333339,6.666666666666669,4.750000000000001,14.4,9.482666666666667,156.8,0.1277139208173849,5.518169582772559,156.5666666666667,157.38333333333333
2021-04-01,3200.2,8.070968586834773,11.429999999999993,6.3,4.0,5.2,4.579999999999999,2.0999999999999996,3.34,-162.5914315569488,-160.70686070686068,-161.96105702364397,0.0,0.0,0.0,7.156666666666666,-0.11999999999999744,3.1400000000000015,2.3866666666666676,5.430000000000001,1.1333333333333317,157.8,0.6377551020408267,4.22721268163806,157.0666666666667,157.28333333333333
2021-05-01,3100.6,8.039350920132263,10.0,6.5,4.0,5.0,59.468,0.2,34.873000000000076,-214.3669985775249,-102.06185567010309,-200.75000000000003,34.22370617696162,-99.31506849315068,-9.539842873176196,4.9300000000000015,0.07000000000000117,2.9000000000000004,3.746666666666667,4.196666666666667,1.908333333333332,160.4,1.6476552598225558,6.295559973492382,158.33333333333334,157.53333333333333
2021-06-01,3180.9,8.064919454599861,9.0,6.3,4.0,4.8,28.0,-3.9,12.05,-180.45977011494253,-156.52173913043475,-186.3799283154122,-65.17412935323384,-2050.0,-70.09925558312655,5.126666666666667,6.5433333333333366,1.0933333333333342,2.346666666666667,3.11,4.4449999999999985,161.3,0.5610972568578676,6.258234519104078,159.83333333333334,158.20000000000002
2021-07-01,3220.4,8.077260854425825,8.5,6.1,4.0,4.6,19.4,-2.3,8.549999999999999,-181.85654008438817,-227.77777777777777,-178.08219178082192,-30.714285714285715,-41.02564102564102,-29.045643153526974,29.683333333333337,0.5066666666666689,-1.9999999999999976,2.500000000000001,15.25,1.5033333333333316,162.5,0.7439553626782391,5.588044184535401,161.4,159.23333333333335
2021-08-01,3280.7,8.095812093242673,8.0,5.9,4.0,4.4,11.1,5.9,8.5,-208.82352941176472,-296.6666666666667,-228.7878787878788,-42.783505154639165,-356.5217391304348,-0.5847953216374102,19.5,-3.7933333333333303,-0.0999999999999975,0.7233333333333338,9.7,-1.5350000000000015,162.9,0.2461538461538515,5.30058177117001,162.23333333333335,160.28333333333333
2021-09-01,3350.2,8.116775324529586,7.5,5.7,4.0,4.2,1.6,-0.1,0.75,-69.81132075471697,-104.16666666666669,-80.51948051948052,-85.58558558558559,-101.69491525423727,-91.17647058823528,10.7,1.593333333333336,1.166666666666669,5.526666666666667,5.933333333333333,3.559999999999998,163.2,0.1841620626150897,4.347826086956519,162.86666666666667,161.35000000000002
2021-10-01,3550.5,8.174843717622148,7.0,5.5,4.0,4.0,-3.2,0.7,-1.25,-117.67955801104972,-90.4109589041096,-109.84251968503938,-300.0,-799.9999999999999,-266.6666666666667,3.1666666666666665,14.523333333333339,2.166666666666669,0.0833333333333345,2.6666666666666665,9.482666666666667,165.5,1.4093137254902022,4.4823232323232265,163.86666666666667,162.63333333333333
2021-11-01,3700.8,8.216304291477174,6.5,5.3,4.0,3.9,-5.7,-0.8,-3.25,78.125,14.285714285714302,66.66666666666666,78.125,-214.28571428571436,160.0,-2.4333333333333336,8.533333333333337,-0.0666666666666644,-0.0833333333333321,-1.25,4.224999999999998,166.7,0.7250755287008914,4.908747640025157,165.13333333333333,163.68333333333334
2021-12-01,3950.3,8.28154680437825,6.3,5.2,4.0,3.8,-1.9,0.3,-0.7999999999999999,-129.23076923076923,-84.21052631578947,-119.04761904761904,-66.66666666666667,-137.5,-75.38461538461539,-3.6,3.5500000000000043,0.0666666666666688,0.6166666666666679,-1.7666666666666666,2.083333333333331,166.2,-0.2999400119976014,5.657978385251106,166.13333333333333,164.5
2022-01-01,3400.5,8.131677758615693,6.1,5.1,4.0,3.7,-4.4,3.1,-0.6500000000000001,1035.6666666666663,-157.4074074074074,-76.36363636363636,131.57894736842107,933.3333333333334,-18.74999999999998,-4.000000000000001,-0.4166666666666622,0.8666666666666689,1.5166666666666675,-1.5666666666666669,0.5499999999999976,165.7,-0.300842358604092,6.01407549584132,166.19999999999996,165.03333333333333
2022-02-01,3350.3,8.116805173048355,5.9,5.3,4.0,3.6,-9.7,-6.8,-8.25,-246.96969696969697,78.94736842105263,-689.2857142857143,120.4545454545454,-319.3548387096774,1169.230769230769,-5.333333333333333,-3.883333333333329,-1.133333333333331,-0.5999999999999988,-3.233333333333333,-2.241666666666669,166.1,0.2414001207000637,6.066411238825031,166.0,165.56666666666666
2022-03-01,3450.8,8.146361367202424,5.7,5.5,4.0,3.5,-3.1,-4.4,-3.75,-105.17529215358933,-115.06849315068492,-108.41750841750842,-68.04123711340206,-35.29411764705882,-54.54545454545454,-5.733333333333333,-4.666666666666663,-2.699999999999998,-1.3166666666666655,-4.216666666666666,-2.991666666666669,167.7,0.9632751354605728,6.951530612244894,166.49999999999997,166.31666666666666
2022-04-01,3400.2,8.131589532403629,5.5,5.7,4.4,3.4,7.2,-0.8,3.2,-87.97996661101837,-102.73972602739728,-92.81705948372615,-332.258064516129,-81.81818181818181,-185.33333333333331,-1.8666666666666665,-2.9333333333333287,-3.999999999999998,-1.5666666666666655,-2.9333333333333336,-2.250000000000002,170.1,1.4311270125223707,7.794676806083634,167.96666666666667,167.08333333333331
2022-05-01,3300.6,8.101859549109466,5.3,5.9,4.4,3.3,59.1,1.4,30.25,-26.49253731343284,599.9999999999999,-24.937965260545912,720.8333333333334,-275.0,845.3125,21.066666666666663,7.866666666666672,-1.2666666666666648,-1.199999999999999,9.9,3.333333333333331,171.7,0.9406231628453776,7.044887780548614,169.83333333333334,167.91666666666666
2022-06-01,3380.9,8.125897225222266,5.1,6.1,4.9,3.3,25.2,2.9,14.05,-9.999999999999998,-174.35897435897436,16.597510373443967,-57.36040609137056,107.14285714285715,-53.55371900826447,29.683333333333337,12.383333333333338,1.1666666666666687,-0.7666666666666656,15.25,5.808333333333331,172.6,0.5241700640652436,7.005579665220085,171.46666666666667,168.98333333333332
2022-07-01,3420.4,8.1375127822818,4.9,6.3,4.9,3.3,2.3,-2.9,-0.3,-88.14432989690721,26.086956521739136,-103.50877192982458,-90.87301587301587,-200.0,-102.13523131672598,28.86666666666667,13.500000000000004,0.4666666666666687,-1.7666666666666655,14.666666666666666,5.866666666666664,173.4,0.4634994206257348,6.707692307692303,172.56666666666663,170.26666666666665
2022-08-01,3480.7,8.154988701965975,4.7,6.5,5.4,3.4,-4.4,-9.0,-6.7,-139.63963963963965,-252.54237288135596,-178.8235294117647,-291.304347826087,210.3448275862069,2133.333333333333,7.699999999999999,14.383333333333336,-2.999999999999998,-2.1333333333333324,2.35,6.124999999999997,174.3,0.519031141868509,6.998158379373853,173.43333333333337,171.63333333333333
2022-09-01,3550.2,8.174759218910703,4.5,6.7,5.4,3.5,-5.5,-5.7,-5.6,-443.75,3998.9999999999955,-846.6666666666665,25.0,-36.66666666666667,-16.417910447761198,-2.5333333333333337,13.983333333333336,-5.8666666666666645,-2.349999999999999,-4.2,5.816666666666664,175.3,0.5737234652897216,7.414215686274517,174.33333333333334,172.9
2022-10-01,3750.5,8.229644443409692,4.3,6.9,5.9,3.6,-18.1,-13.0,-15.55,465.625,-1957.142857142857,1144.0000000000002,229.0909090909091,128.0701754385965,177.67857142857144,-9.333333333333334,9.766666666666673,-9.233333333333333,-4.383333333333332,-9.283333333333331,2.691666666666664,176.7,0.7986309184255358,6.767371601208461,175.43333333333337,174.0
2022-11-01,3900.8,8.268936939286952,4.1,7.0,5.9,3.7,5.0,10.0,7.5,-187.71929824561403,-1350.0,-330.7692307692308,-127.6243093922652,-176.9230769230769,-148.2315112540193,-6.2,0.750000000000003,-2.899999999999998,-2.9499999999999997,-4.55,-1.1000000000000023,176.5,-0.1131861912846532,5.87882423515298,176.16666666666666,174.79999999999998
2022-12-01,4150.3,8.330935899768635,4.0,6.8,6.25,3.8,-11.2,7.9,-1.6499999999999997,489.4736842105263,2533.333333333333,106.24999999999996,-324.0,-21.0,-122.0,-8.1,-5.316666666666664,1.6333333333333355,-2.116666666666666,-3.233333333333333,-3.716666666666669,175.7,-0.4532577903682777,5.7160048134777375,176.29999999999998,175.3166666666667
2023-01-01,3600.5,8.188828003688922,4.2,6.6,6.25,3.9,-8.2,6.5,-0.8499999999999996,86.36363636363633,109.6774193548387,30.76923076923068,-26.78571428571429,-17.721518987341778,-48.48484848484848,-4.799999999999999,-7.066666666666663,8.133333333333335,-0.5499999999999989,1.666666666666667,-3.808333333333336,176.5,0.4553215708594349,6.517803258901633,176.23333333333332,175.83333333333334
2023-02-01,3550.3,8.174787385941196,4.4,6.4,6.5,4.0,-4.1,12.5,4.2,-57.73195876288659,-283.8235294117647,-150.9090909090909,-50.0,92.3076923076923,-594.1176470588238,-7.833333333333333,-7.016666666666663,8.966666666666669,3.0333333333333345,0.566666666666667,-1.9916666666666687,176.8,0.1699716713881027,6.441902468392535,176.33333333333334,176.25
2023-03-01,3650.8,8.202701600642722,4.6,6.2,6.5,4.1,-8.0,-1.9,-4.95,158.06451612903226,-56.81818181818182,32.00000000000001,95.1219512195122,-115.2,-217.8571428571429,-6.766666666666666,-7.43333333333333,5.700000000000003,3.666666666666668,-0.5333333333333332,-1.883333333333336,177.2,0.2262443438913797,5.66487775790101,176.83333333333334,176.5666666666667
2023-04-01,3600.2,8.188744678456604,4.8,6.0,6.5,4.2,-2.3,11.4,4.550000000000001,-131.94444444444443,-1525.0,42.18750000000002,-71.25,-700.0000000000001,-191.91919191919197,-4.8,-4.799999999999996,7.333333333333336,7.733333333333334,1.2666666666666668,1.4666666666666643,178.1,0.5079006772009009,4.7031158142269325,177.36666666666667,176.79999999999998
2023-05-01,3500.6,8.160689661356734,5.0,5.8,6.5,4.3,1.5,8.9,5.2,-97.46192893401016,535.7142857142858,-82.8099173553719,-165.2173913043478,-21.92982456140351,14.28571428571428,-2.933333333333332,-5.383333333333329,6.133333333333336,7.550000000000001,1.6000000000000003,1.0833333333333313,179.1,0.5614823133071267,4.309842748980786,178.13333333333333,177.23333333333335
2023-06-01,3580.9,8.183369444447948,5.2,5.6,6.5,4.4,-6.8,0.5,-3.15,-126.98412698412696,-82.75862068965517,-122.41992882562278,-553.3333333333334,-94.3820224719101,-160.5769230769231,-2.5333333333333328,-4.649999999999996,6.933333333333335,6.316666666666667,2.2,0.8333333333333313,181.0,1.06085985482971,4.866743916570115,179.4,178.11666666666665
2023-07-01,3620.4,8.194339795953015,5.4,5.4,6.5,4.5,-3.6,8.3,2.3500000000000005,-256.52173913043475,-386.2068965517241,-883.3333333333334,-47.05882352941176,1560.0000000000002,-174.60317460317464,-2.9666666666666663,-3.8833333333333298,5.900000000000002,6.616666666666668,1.4666666666666668,1.3666666666666645,186.3,2.2008660361372043,7.439446366782021,182.13333333333333,179.75
2023-08-01,3680.7,8.210858230465247,5.6,5.2,6.5,4.6,6.0,9.9,7.95,-236.36363636363632,-210.0,-218.6567164179104,-266.66666666666663,19.27710843373493,238.29787234042547,-1.466666666666666,-2.1999999999999966,6.233333333333335,6.183333333333335,2.3833333333333337,1.9916666666666647,186.2,-0.0536768652710795,6.827309236947787,184.5,181.3166666666667
2023-09-01,3750.2,8.229564450875618,5.8,5.0,6.5,4.7,1.0,2.7,1.85,-118.1818181818182,-147.3684210526316,-133.03571428571428,-83.33333333333334,-72.72727272727273,-76.72955974842768,1.1333333333333335,-0.6999999999999963,6.966666666666669,6.950000000000002,4.05,3.124999999999998,184.1,-1.082979967831554,5.019965772960622,185.5333333333333,182.46666666666667
2023-10-01,3950.5,8.281597432162789,6.0,4.8,6.5,4.8,15.9,9.3,12.6,-187.8453038674033,-171.53846153846155,-181.0289389067524,1121.4909090909146,244.44444444444449,581.0810810810812,7.633333333333334,2.333333333333337,7.300000000000002,6.600000000000001,7.466666666666668,4.466666666666665,185.3,0.6518196632265161,4.867006225240544,185.2,183.66666666666663
2023-11-01,4100.8,8.318937355609807,6.2,4.6,6.5,4.9,-4.8,-3.4,-4.1,-196.0,-134.0,-154.66666666666666,-130.18867924528303,-136.55913978494624,-132.53968253968253,4.033333333333334,1.2833333333333372,2.8666666666666685,4.550000000000002,3.4500000000000006,2.9166666666666647,186.3,0.5396654074473872,5.552407932011327,185.23333333333332,184.86666666666667
2023-12-01,4350.3,8.37800008722196,6.4,4.4,6.5,5.0,5.2,3.0,4.1,-146.42857142857144,-62.0253164556962,-348.48484848484856,-208.33333333333331,-188.23529411764704,-200.0,5.433333333333335,3.283333333333337,2.966666666666669,4.966666666666668,4.2,4.124999999999997,185.7,-0.3220611916264215,5.691519635742748,185.76666666666665,185.65
