date,gold_price,gold_price_mom,gold_price_yoy,gold_volatility_1m,gold_volatility_3m,gold_price_30d_avg,gold_price_90d_avg,gold_price_180d_avg,gold_trend
1978-02-28,1852.847,8.500642524720071,115.25530103526584,1170.9417626618697,736.0129362365814,3748.044453,3891.207716555556,5690.581896166667,4485.569818166668
1978-03-31,2010.3509,8.500642524720071,115.25530103526584,1170.9417626618697,736.0129362365814,3748.044453,3891.207716555556,5690.581896166667,4485.569818166668
1978-04-28,1974.92257,-1.762295826066984,115.25530103526584,1170.9417626618697,736.0129362365814,3748.044453,3891.207716555556,5690.581896166667,4485.569818166668
1978-05-31,1960.93924,-0.7080444677889375,115.25530103526584,1170.9417626618697,736.0129362365814,3748.044453,3891.207716555556,5690.581896166667,4485.569818166668
1978-06-30,2119.44318,8.083062277850072,115.25530103526584,1170.9417626618697,736.0129362365814,3748.044453,3891.207716555556,5690.581896166667,4485.569818166668
1978-07-31,2248.88582,6.107389017147402,115.25530103526584,1170.9417626618697,736.0129362365814,3748.044453,3891.207716555556,5690.581896166667,4485.569818166668
1978-08-31,2309.70434,2.704384520508918,115.25530103526584,1170.9417626618697,736.0129362365814,3748.044453,3891.207716555556,5690.581896166667,4485.569818166668
1978-09-29,2409.83174,4.335074332500932,115.25530103526584,1170.9417626618697,736.0129362365814,3748.044453,3891.207716555556,5690.581896166667,4485.569818166668
1978-10-31,2865.02845,14.805471749388134,115.25530103526584,1170.9417626618697,736.0129362365814,3748.044453,3891.207716555556,5690.581896166667,4485.569818166668
1978-11-30,3203.9702,11.830310096920682,115.25530103526584,1170.9417626618697,736.0129362365814,3748.044453,3891.207716555556,5690.581896166667,4485.569818166668
1978-12-29,3183.4513,-0.6404210625928997,115.25530103526584,1170.9417626618697,736.0129362365814,3748.044453,3891.207716555556,5690.581896166667,4485.569818166668
1979-01-31,3731.765640000001,14.805471749388134,115.25530103526584,1170.9417626618697,736.0129362365814,3748.044453,3891.207716555556,5690.581896166667,4485.569818166668
1979-02-28,5358.0189,14.805471749388134,115.25530103526584,1170.9417626618697,736.0129362365814,3748.044453,3891.207716555556,5690.581896166667,4485.569818166668
1979-03-30,5286.73887,-1.3303430116679893,115.25530103526584,1170.9417626618697,736.0129362365814,3748.044453,3891.207716555556,5690.581896166667,4485.569818166668
1979-04-30,4511.45048,-12.80608334309449,115.25530103526584,1170.9417626618697,736.0129362365814,3748.044453,3891.207716555556,5690.581896166667,4485.569818166668
1979-05-31,4164.44099,-7.691749949120585,112.36971064947429,1170.9417626618697,736.0129362365814,3748.044453,3891.207716555556,5690.581896166667,4485.569818166668
1979-06-29,4053.34477,-2.667734283347356,91.24573889260856,1170.9417626618697,736.0129362365814,3748.044453,3891.207716555556,5690.581896166667,4485.569818166668
1979-07-31,4711.120980000001,14.805471749388134,109.48689071284198,1170.9417626618697,736.0129362365814,3748.044453,3891.207716555556,5690.581896166667,4485.569818166668
1979-08-31,5012.4313,6.395724526692148,115.25530103526584,1170.9417626618697,736.0129362365814,3748.044453,3891.207716555556,5690.581896166667,4485.569818166668
1979-09-28,4867.042560000001,-2.900563245624921,101.966074195703,1170.9417626618697,736.0129362365814,3748.044453,3891.207716555556,5690.581896166667,4485.569818166668
1979-10-31,5211.1257000000005,7.069655458283064,81.88739801170213,1170.9417626618697,736.0129362365814,3748.044453,3891.207716555556,5690.581896166667,4485.569818166668
1979-11-30,5112.3022900000005,-1.8963927506104872,59.56148062800335,1170.9417626618697,736.0129362365814,3748.044453,3891.207716555556,5690.581896166667,4485.569818166668
1979-12-31,4833.66945,-5.450241871358519,51.83739264363805,1170.9417626618697,736.0129362365814,3748.044453,3891.207716555556,5690.581896166667,4485.569818166668
1980-01-31,4705.18234,-2.658169147251055,26.08461500277921,1170.9417626618697,736.0129362365814,3748.044453,3891.207716555556,5690.581896166667,4485.569818166668
1980-02-29,4429.95758,-5.849396263780083,-17.320978841638645,1170.9417626618697,736.0129362365814,3748.044453,3891.207716555556,5690.581896166667,4485.569818166668
1980-03-31,4110.23794,-7.217216739127341,-22.25381201776664,1170.9417626618697,736.0129362365814,3748.044453,3891.207716555556,5690.581896166667,4485.569818166668
1980-04-30,4093.062030000001,-0.4178811604274024,-9.273923139681672,1170.9417626618697,736.0129362365814,3748.044453,3891.207716555556,5690.581896166667,4485.569818166668
1980-05-30,4107.805380000001,0.3602034342978122,-1.3599810907633847,1170.9417626618697,736.0129362365814,3748.044453,3891.207716555556,5690.581896166667,4485.569818166668
1980-06-30,4034.04737,-1.7955575587663364,-0.4760858277545465,1170.9417626618697,736.0129362365814,3748.044453,3891.207716555556,5690.581896166667,4485.569818166668
1980-07-31,3968.21428,-1.6319364638497036,-15.769212957040224,1170.9417626618697,736.0129362365814,3748.044453,3891.207716555556,5690.581896166667,4485.569818166668
1980-08-29,3632.10559,-8.470023700433838,-27.53804745413668,1115.3811285821416,736.0129362365814,3807.353072666667,3891.207716555556,5690.581896166667,4485.569818166668
1980-09-30,3705.031700000001,2.0078191063823247,-23.87509140663854,1062.9123657207017,736.0129362365814,3863.842432666667,3891.207716555556,5690.581896166667,4485.569818166668
1980-10-31,4039.07853,9.016031630714515,-22.49124733260609,1001.4534781864868,736.0129362365814,3932.6476313333337,3891.207716555556,5690.581896166667,4485.569818166668
1980-11-28,3998.59963,-1.0021815545141255,-21.784757567612463,929.6398392398928,736.0129362365814,4000.5696443333336,3891.207716555556,5690.581896166667,4485.569818166668
1980-12-31,3766.77233,-5.797712235570829,-22.07219858610729,860.7984396106981,736.0129362365814,4055.480616,3891.207716555556,5690.581896166667,4485.569818166668
1981-01-30,3749.31094,-0.4635637216757415,-20.31528920513631,793.1420982177762,736.0129362365814,4105.494786666667,3891.207716555556,5690.581896166667,4485.569818166668
1981-02-27,3506.98122,-6.463313496212719,-20.83488031955376,727.0329408312648,736.0129362365814,4145.404016,3891.207716555556,5690.581896166667,4485.569818166668
1981-03-31,3440.4489500000004,-1.8971379036925584,-16.295625698010063,663.7945986479934,736.0129362365814,4179.757923,3891.207716555556,5690.581896166667,4485.569818166668
1981-04-30,3064.66809,-10.922436736054465,-25.125295743441256,651.037845773601,736.0129362365814,4186.412577666667,3891.207716555556,5690.581896166667,4485.569818166668
1981-05-29,3274.16031,6.835722950996637,-20.294171531563656,647.5019631168745,736.0129362365814,4188.752248000001,3891.207716555556,5690.581896166667,4485.569818166668
1981-06-30,3106.95746,-5.106739871267941,-22.98163172040293,651.7340238819394,736.0129362365814,4186.202453333333,3891.207716555556,5690.581896166667,4485.569818166668
1981-07-31,2969.9762400000004,-4.408854056212263,-25.155850202726448,684.0878442372824,736.0129362365814,4160.809473333334,3891.207716555556,5690.581896166667,4485.569818166668
1981-08-31,3224.7624600000004,8.578729235894489,-11.21506850245506,665.9835871508171,736.0129362365814,4089.700925333333,3891.207716555556,5690.581896166667,4485.569818166668
1981-09-30,3468.5868600000003,7.561003423489376,-6.381722455977911,635.3164736509127,736.0129362365814,4029.0958583333336,3891.207716555556,5690.581896166667,4485.569818166668
1981-10-30,4223.59108,14.805471749388134,4.568184268504427,629.9311384955781,736.0129362365814,4019.500545,3891.207716555556,5690.581896166667,4485.569818166668
1981-11-30,4094.01943,-3.067807643916132,2.386330436388296,629.503470539897,736.0129362365814,4017.1531596666673,3891.207716555556,5690.581896166667,4485.569818166668
1981-12-31,4050.07757,-1.0733183061615303,7.521167067721346,629.4972759259864,736.0129362365814,4017.044253,3891.207716555556,5690.581896166667,4485.569818166668
1982-01-29,4296.42436,6.082520291086668,14.59237253872574,618.1818750866906,736.0129362365814,4003.221032333334,3891.207716555556,5690.581896166667,4485.569818166668
1982-02-26,4734.379800000001,10.193486567048527,34.998721207865515,604.461195844434,736.0129362365814,3993.952649,3891.207716555556,5690.581896166667,4485.569818166668
1982-03-31,4880.1513700000005,3.0790003370663177,41.84635322084927,605.1184903502975,736.0129362365814,3994.3896093333337,3891.207716555556,5690.581896166667,4485.569818166668
1982-04-30,4183.59536,-12.80608334309449,36.51055308896436,561.372744261309,736.0129362365814,3960.138598,3891.207716555556,5690.581896166667,4485.569818166668
1982-05-31,4308.96526,2.996702338822743,31.6052010904744,522.3200422480037,736.0129362365814,3933.360697000001,3891.207716555556,5690.581896166667,4485.569818166668
1982-06-30,4364.9783800000005,1.2999204361188177,40.4904455949648,501.0383757665037,736.0129362365814,3917.7376613333336,3891.207716555556,5690.581896166667,4485.569818166668
1982-07-30,4153.265200000001,-4.850268697092597,39.84169785816199,480.853928435381,736.0129362365814,3899.3404233333335,3891.207716555556,5690.581896166667,4485.569818166668
1982-08-31,4255.10664,2.452081316646937,31.951010121843183,475.2273667520336,736.0129362365814,3893.5120586666662,3891.207716555556,5690.581896166667,4485.569818166668
1982-09-30,4230.5567200000005,-0.576951932748726,21.96773183878118,477.6211489446969,736.0129362365814,3897.5226846666674,3891.207716555556,5690.581896166667,4485.569818166668
1982-10-29,4204.60372,-0.613465359708032,-0.4495548844657637,479.6257630213081,736.0129362365814,3901.240741000001,3891.207716555556,5690.581896166667,4485.569818166668
1982-11-30,4021.86133,-4.346245262799697,-1.7625246101970804,478.6049939869143,736.0129362365814,3898.3759393333335,3891.207716555556,5690.581896166667,4485.569818166668
1982-12-31,3949.934870000001,-1.7883873683929297,-2.472611901109833,478.0288269917335,736.0129362365814,3895.572189333333,3891.207716555556,5690.581896166667,4485.569818166668
1983-01-31,4063.41889,2.8730605373247453,-5.423241525425104,478.8430285815641,736.0129362365814,3898.745676333333,3891.207716555556,5690.581896166667,4485.569818166668
1983-02-28,3966.89009,-2.3755562154213483,-16.210987339883467,476.3090650508884,736.0129362365814,3909.9051596666673,3891.207716555556,5690.581896166667,4485.569818166668
1983-03-31,4129.787520000001,4.106426603818525,-15.375831467293189,476.3221395834169,736.0129362365814,3924.063687,3891.207716555556,5690.581896166667,4485.569818166668
1983-04-29,4228.1544,2.3818871921042373,1.06508962186056,479.1390169924792,736.0129362365814,3930.366216,3891.207716555556,5690.581896166667,4485.569818166668
1983-05-31,4116.18214,-2.64825381022038,-4.474000331114302,480.1961752302957,736.0129362365814,3934.285633,3891.207716555556,5690.581896166667,4485.569818166668
1983-06-30,4139.6885600000005,0.5710733684880287,-5.161304372829445,480.5369388980578,736.0129362365814,3946.716174,3891.207716555556,5690.581896166667,4485.569818166668
1983-07-29,4173.906870000001,0.8265914090890059,0.4969986024489836,480.7750257274105,736.0129362365814,3960.869371666667,3891.207716555556,5690.581896166667,4485.569818166668
1983-08-31,3934.714300000001,-5.730663798926594,-7.529596015013141,473.1320895061133,736.0129362365814,3975.127141,3891.207716555556,5690.581896166667,4485.569818166668
1983-09-30,4003.46789,1.747359141170679,-5.3678237884492885,462.233010929233,736.0129362365814,3993.8944390000006,3891.207716555556,5690.581896166667,4485.569818166668
1983-10-31,4016.57413,0.3273721773249916,-4.471993141841191,427.6225343968994,736.0129362365814,4025.624640333334,3891.207716555556,5690.581896166667,4485.569818166668
1983-11-30,4070.51752,1.343019903382192,1.2097928299283245,403.3970903741513,736.0129362365814,4052.169880666667,3891.207716555556,5690.581896166667,4485.569818166668
1983-12-30,4105.223660000001,0.8526222975205444,3.931426595902332,361.7637588641414,736.0129362365814,4085.4454206666674,3891.207716555556,5690.581896166667,4485.569818166668
1984-01-31,3908.74828,-4.785984790899322,-3.806415587146128,296.69974690924465,736.0129362365814,4116.737822,3891.207716555556,5690.581896166667,4485.569818166668
1984-02-29,3813.281950000001,-2.442376002785207,-3.872256012013675,251.73958229288385,736.0129362365814,4136.355138333334,3891.207716555556,5690.581896166667,4485.569818166668
1984-03-30,3869.557980000001,1.4757899032354471,-6.301281572956086,224.2011635471424,736.0129362365814,4149.720842333333,3891.207716555556,5690.581896166667,4485.569818166668
1984-04-30,3856.57196,-0.3355944029555635,-8.788289282907936,229.97061614348797,736.0129362365814,4137.486871666667,3891.207716555556,5690.581896166667,4485.569818166668
1984-05-31,4005.56542,3.863365225525306,-2.687362129218107,231.11133990802085,736.0129362365814,4134.538404666667,3891.207716555556,5690.581896166667,4485.569818166668
1984-06-29,3917.69709,-2.1936560956230755,-5.362516208224132,234.025010577091,736.0129362365814,4130.125722000001,3891.207716555556,5690.581896166667,4485.569818166668
1984-07-31,3910.00451,-0.1963546395568838,-6.322670059957525,235.1876894880561,736.0129362365814,4117.245060333334,3891.207716555556,5690.581896166667,4485.569818166668
1984-08-31,3800.47572,-2.801244594983854,-3.4116474479481296,211.2768404793851,736.0129362365814,4086.114924333334,3891.207716555556,5690.581896166667,4485.569818166668
1984-09-28,3918.404630000001,3.1030039049953384,-2.1247394093624083,151.00812596092192,736.0129362365814,4054.056699666667,3891.207716555556,5690.581896166667,4485.569818166668
1984-10-31,3894.01037,-0.6225559201628483,-3.0514502168543345,151.69609099272276,736.0129362365814,4044.403866666667,3891.207716555556,5690.581896166667,4485.569818166668
1984-11-30,3902.611190000001,0.2208730635712141,-4.124938147913926,145.26405540145964,736.0129362365814,4030.858731,3891.207716555556,5690.581896166667,4485.569818166668
1984-12-31,3903.34226,0.0187328423050026,-4.917671160455117,132.54389534160458,736.0129362365814,4015.470860333334,3891.207716555556,5690.581896166667,4485.569818166668
1985-01-31,3871.61325,-0.8128677396585737,-0.950049154866528,132.42201516183871,736.0129362365814,4006.082462,3891.207716555556,5690.581896166667,4485.569818166668
1985-02-28,4214.447590000001,8.855077143875366,10.520219728310408,129.97081807026927,736.0129362365814,4004.727160333334,3891.207716555556,5690.581896166667,4485.569818166668
1985-03-29,4175.84986,-0.9158431603606744,7.915422939340466,127.04387239993096,736.0129362365814,4002.903598333333,3891.207716555556,5690.581896166667,4485.569818166668
1985-04-30,4210.43364,0.8281854271456002,9.175549780225031,127.3670863804504,736.0129362365814,4003.097929000001,3891.207716555556,5690.581896166667,4485.569818166668
1985-05-31,4199.57714,-0.2578475503535071,4.843553897067543,132.30686869324538,736.0129362365814,4009.021789333333,3891.207716555556,5690.581896166667,4485.569818166668
1985-06-28,4253.47702,1.2834596961350142,8.570849718246087,139.06633893706163,736.0129362365814,4019.139861000001,3891.207716555556,5690.581896166667,4485.569818166668
1985-07-31,4294.21367,0.9577258748185268,9.826309893437934,147.71517083016,736.0129362365814,4026.8330203333335,3891.207716555556,5690.581896166667,4485.569818166668
1985-08-30,4345.879690000001,1.2031543833262548,14.350939466072957,158.24285472488558,704.6825171423181,4039.466007,3918.9080797777774,5690.581896166667,4485.569818166668
1985-09-30,4702.2634100000005,8.200496687012503,20.0045389391039,198.82424786483597,679.4407203890904,4058.548536666667,3948.8182187777775,5690.581896166667,4485.569818166668
1985-10-31,5263.401620000001,11.933364022242207,35.16660511615433,295.5755115582696,660.2488594147273,4093.0567773333337,3985.356874888889,5690.581896166667,4485.569818166668
1985-11-29,5431.14194,3.18691850081545,39.166872526699215,383.5353429255727,641.7660482517779,4136.888770666667,4023.914682666667,5690.581896166667,4485.569818166668
1985-12-31,5188.308440000001,-4.471131535185025,32.91963897626544,428.9000947117112,620.6196903821055,4171.842766666667,4058.013185555556,5690.581896166667,4485.569818166668
1986-01-31,5107.2489000000005,-1.5623500595118855,31.915265554998307,461.65542612530953,599.7864463479011,4202.954167666667,4089.772775333333,5690.581896166667,4485.569818166668
1986-02-28,5287.367660000001,3.5267276674140646,25.458142427629515,499.0908009546383,582.3650923535913,4248.0426130000005,4122.857923333333,5690.581896166667,4485.569818166668
1986-03-31,5213.575000000001,-1.3956407941565383,24.85063339896996,526.7755270682094,564.4140924100047,4288.379516666667,4154.010626222223,5690.581896166667,4485.569818166668
1986-04-30,5249.4854000000005,0.688786485281212,24.6780224756137,552.313584270504,559.1681927631037,4329.476559000001,4180.504592333334,5690.581896166667,4485.569818166668
1986-05-30,5576.84677,6.236065919909017,32.79543592334156,594.7963130007431,568.470622213328,4379.687534000001,4206.8698875555565,5690.581896166667,4485.569818166668
1986-06-30,5825.51112,4.458870043510266,36.958800825965184,647.9710000522878,583.0584842072984,4437.030449333334,4236.226107777778,5690.581896166667,4485.569818166668
1986-07-31,5759.6718200000005,-1.1301892425191973,34.12634448625376,683.1021272231425,602.2141127608176,4498.727900666667,4258.758398666667,5690.581896166667,4485.569818166668
1986-08-29,5839.144990000001,1.3798211509905125,34.36048410258683,712.5066184120985,614.1000508618304,4566.256668666667,4264.104244111111,5690.581896166667,4485.569818166668
1986-09-30,6003.643040000001,2.8171598801145725,27.675600376457865,746.2823871578383,631.905293722051,4637.392837333334,4272.069846,5690.581896166667,4485.569818166668
1986-10-31,5946.91977,-0.9448141673659594,12.986243485633908,768.1305650977758,655.6839353643875,4707.071097666666,4288.019504777778,5690.581896166667,4485.569818166668
1986-11-28,6027.928540000001,1.3621971227636198,10.988234271778218,792.7893750001997,680.6840096613564,4774.483201666667,4308.724922,5690.581896166667,4485.569818166668
1986-12-31,6028.09925,0.0028319844680657,16.186215983720498,807.6348109213274,703.7949596445314,4844.829940333334,4330.666638444445,5690.581896166667,4485.569818166668
1987-01-30,6263.588210000001,3.906520948539472,22.641138754760902,827.7571874802678,731.6964628692081,4923.282730333333,4347.916274333334,5690.581896166667,4485.569818166668
1987-02-27,6205.00614,-0.9352797156504056,17.3552992530124,831.6927202462807,754.3148872142822,5003.433744333334,4361.167105888889,5690.581896166667,4485.569818166668
1987-03-31,5745.371550000001,-7.407480019028634,10.200228250288902,816.2486500816445,766.5165231080374,5064.332641666667,4370.926316888889,5690.581896166667,4485.569818166668
1987-04-30,5730.2502700000005,-0.2631906373400716,9.158323785413325,794.0075871810426,774.8183325085695,5125.540638333334,4376.694367666667,5690.581896166667,4485.569818166668
1987-05-29,5929.52695,3.477626117715804,6.324006997954523,772.2980644521458,788.2088662359611,5193.104497000001,4385.774641666668,5690.581896166667,4485.569818166668
1987-06-30,5971.235490000001,0.7034041729079288,2.5014864275119786,745.0143833586309,804.4260584529624,5262.034271333334,4398.414264333334,5690.581896166667,4485.569818166668
1987-07-31,6214.282770000001,4.070301370746976,7.893000924486704,716.4788519849557,826.3224453128585,5340.123255333334,4415.18204688889,5690.581896166667,4485.569818166668
1987-08-31,6145.87704,-1.1007823836120756,5.253030204341602,698.3888490261693,846.2232901656014,5404.504237000001,4434.247818666667,5690.581896166667,4485.569818166668
1987-09-30,6127.600670000001,-0.297376108910885,2.064706865050381,670.330893964575,864.0744562147547,5469.5625973333335,4456.662960111112,5690.581896166667,4485.569818166668
1987-10-30,5955.04532,-2.8160345181240443,0.1366345993263573,631.904450265905,877.4581350103399,5527.71632,4477.351663333334,5690.581896166667,4485.569818166668
1987-11-30,5945.750290000001,-0.1560866374733072,-1.363291708829717,583.9507288105659,890.0581573022314,5585.922091666667,4497.773273444444,5690.581896166667,4485.569818166668
1987-12-31,6256.747410000001,5.230578225309213,3.793039074464488,539.149462788644,907.7083665046864,5652.697771333334,4522.469940555557,5690.581896166667,4485.569818166668
1988-01-29,6273.042740000001,0.2604441082910913,0.1509443099229512,485.6068190016192,924.2576709253703,5718.658740333334,4548.079145666668,5690.581896166667,4485.569818166668
1988-02-29,6095.08052,-2.836936194699036,-1.7715634363578592,414.96931395549706,933.251248919044,5776.965434666667,4575.445533777778,5690.581896166667,4485.569818166668
1988-03-31,5892.939600000001,-3.316460206501093,2.5684683525819985,362.2246867211688,938.8029353144497,5816.654641000001,4599.755621555556,5690.581896166667,4485.569818166668
1988-04-29,6010.92262,2.0021080820173287,4.898081877320859,348.2973300762115,948.5297095916414,5841.572007666667,4621.665000333333,5690.581896166667,4485.569818166668
1988-05-31,6013.32224,0.0399209930271871,1.4131867635747808,340.778387850136,957.3926701601154,5860.978017666668,4644.050807111112,5690.581896166667,4485.569818166668
1988-06-30,5993.597900000001,-0.3280106938024274,0.3745022288511368,316.84079985547635,963.222745411486,5887.820999666667,4668.793313444446,5690.581896166667,4485.569818166668
1988-07-29,5996.77808,0.0530596154940443,-3.500077129576784,280.8520360416236,968.2371295505876,5917.471972333334,4693.765170555556,5690.581896166667,4485.569818166668
1988-08-31,6097.131700000001,1.6734589584812554,-0.7931388747731805,256.0204081050041,971.0554766063804,5944.464107000001,4722.544620333334,5690.581896166667,4485.569818166668
1988-09-30,6049.713570000001,-0.7777120838639573,-1.2710864201925909,216.11150836694745,971.2982074783474,5972.335392666666,4751.536449444446,5690.581896166667,4485.569818166668
1988-10-31,6019.79654,-0.4945197760825692,1.0873337904336866,167.5773087269516,963.5510537825282,5998.012430666668,4784.37121,5690.581896166667,4485.569818166668
1988-11-30,6144.897470000001,2.0781587744492125,3.3494036965349805,149.46123074759893,960.5069645059672,6016.947454,4816.268289555556,5690.581896166667,4485.569818166668
1988-12-30,6637.0208,8.008649979964577,6.077812720906994,183.2383609846774,961.99692673965,6043.997776666667,4855.491215555556,5690.581896166667,4485.569818166668
1989-01-31,6901.524120000001,3.9852718255757313,10.01876451426824,233.76689700044085,964.6756948386992,6082.059520000001,4899.17508088889,5690.581896166667,4485.569818166668
1989-02-28,6936.367940000001,0.5048713790483772,13.802728565101871,276.3972259825188,971.6010113461316,6118.633618333334,4940.415141777778,5690.581896166667,4485.569818166668
1989-03-31,7062.869740000001,1.823746968071016,19.85308215275108,324.6445102493248,984.2110328197546,6153.941175,4980.351618222222,5690.581896166667,4485.569818166668
1989-04-28,6704.41243,-5.0752360328820245,11.537160829396932,337.2025851302407,997.4296568014051,6179.190930333334,5007.91629988889,5690.581896166667,4485.569818166668
1989-05-31,6467.518040000001,-3.533410160448613,7.553159166803613,339.94283662258994,1004.3484234638424,6193.843913666668,5034.288506666668,5690.581896166667,4485.569818166668
1989-06-30,6373.2821300000005,-1.4570645094018175,6.334829869050762,339.98113058954686,1008.6143863014504,6205.350009666667,5060.101890666667,5690.581896166667,4485.569818166668
1989-07-31,6119.03654,-3.989241097663454,2.038735773927458,340.1515750592121,1011.4023765834067,6200.531620666667,5080.353137111111,5690.581896166667,4485.569818166668
1989-08-31,6299.46611,2.9486597901571043,3.318517951646016,340.6312757946173,1018.8146702309406,6203.680286333333,5097.742985,5690.581896166667,4485.569818166668
1989-09-29,6831.886670000001,8.451836246167233,12.92909310415502,347.9053663729467,1034.777832922743,6239.897457000001,5119.428932777779,5690.581896166667,4485.569818166668
1989-10-31,6940.656190000001,1.5920861286769616,15.29718893123919,356.8343882358261,1047.494195483402,6280.244321,5150.062942,5690.581896166667,4485.569818166668
1989-11-30,6878.455400000001,-0.8961802500694116,11.937675666376911,366.5981052373419,1059.2623068425405,6311.875269333334,5178.612832444445,5690.581896166667,4485.569818166668
1989-12-29,6895.38403,0.2461109219374924,3.8927590825088334,375.70208373012986,1070.9410903506844,6342.680220666667,5206.728450777779,5690.581896166667,4485.569818166668
1990-01-31,6841.66895,-0.779000556985654,-0.8672746622234606,385.63843237543534,1078.692293949139,6363.593093333334,5236.599603555556,5690.581896166667,4485.569818166668
1990-02-28,7032.126450000001,2.783787134278115,1.380528121176905,401.9842301374732,1089.9606214191954,6393.134740333334,5267.455379222223,5690.581896166667,4485.569818166668
1990-03-30,6849.5851,-2.595820073741717,-3.0198014100710435,407.1181952211609,1096.9058678381891,6417.200888000001,5296.555694555556,5690.581896166667,4485.569818166668
1990-04-30,7003.578600000001,2.248216464965158,4.462228019585002,411.0631788135182,1105.245621820961,6452.151997333334,5327.655415444445,5690.581896166667,4485.569818166668
1990-05-31,7145.317150000001,2.0238018032666893,10.480049778106215,418.3829732532877,1112.7955382062828,6492.137559333334,5362.360480111111,5690.581896166667,4485.569818166668
1990-06-29,7318.01881,2.4169908259425554,14.823393358862646,441.9944274076814,1121.3632706756348,6527.513272666667,5399.783635000001,5690.581896166667,4485.569818166668
1990-07-31,7699.377740000001,5.21123189078001,25.82663446556246,487.9976623502223,1138.0493773473663,6575.057772666667,5440.183177777778,5690.581896166667,4485.569818166668
1990-08-31,9363.91835,14.805471749388134,48.64622154463816,697.2185700952538,1200.048594427592,6684.019033666667,5500.150158444445,5690.581896166667,4485.569818166668
1990-09-28,9195.67645,-1.7967040475101892,34.599370483995465,818.2469117709466,1252.7015919464466,6794.110262,5556.437813222223,5690.581896166667,4485.569818166668
1990-10-31,8994.243040000001,-2.1905230256334174,29.587791035648458,897.2532847086534,1295.9141763483387,6893.554276,5609.394353666668,5690.581896166667,4485.569818166668
1990-11-30,9251.230210000002,2.857240668915706,34.49575045583635,978.7606405965716,1341.6672760869114,7001.484541666667,5666.450443333334,5690.581896166667,4485.569818166668
1990-12-31,9294.47035,0.4673988109523019,34.79264257889347,1044.8553080202555,1385.083499459466,7111.513623333333,5723.725796555556,5690.581896166667,4485.569818166668
1991-01-31,9315.31898,0.2243121900969757,36.155652196530205,1097.127724748057,1425.8705253673436,7222.131653333334,5780.852597777778,5690.581896166667,4485.569818166668
1991-02-28,9171.68529,-1.5419084446638975,30.42548872254709,1131.4779255250266,1456.219860476184,7324.616773000001,5839.041164333334,5690.581896166667,4485.569818166668
1991-03-29,9185.50439,0.1506713277118931,34.10307713382523,1154.2541751759145,1484.990083308489,7429.143133666667,5896.619347666667,5690.581896166667,4485.569818166668
1991-04-30,9707.31422,5.680796697109858,38.60505856248975,1194.6334663570588,1524.6639013991537,7552.060389666668,5959.849793111112,5690.581896166667,4485.569818166668
1991-05-31,9751.61432,0.4563579482028901,36.47559814752239,1229.1241753064355,1562.6924809536413,7672.284284666667,6022.973090888889,5690.581896166667,4485.569818166668
1991-06-28,9601.93373,-1.5349313979021284,31.20947047688718,1261.777533643282,1593.9992124975106,7771.1147156666675,6084.047647222224,5690.581896166667,4485.569818166668
1991-07-31,9684.502100000002,0.8599139748489026,25.782919438889618,1297.4390121650838,1621.467175272748,7863.880648333334,6148.222689666668,5690.581896166667,4485.569818166668
1991-08-30,10051.55152,3.790070116253053,7.343434065718868,1344.455238724322,1653.5508060302984,7967.720101000001,6217.536796000001,5690.581896166667,4485.569818166668
1991-09-30,9712.612260000002,-3.3720093791052785,5.621509334422048,1369.7607820647063,1674.8962545406866,8056.0448516666675,6282.459621333333,5690.581896166667,4485.569818166668
1991-10-31,9788.5281,0.7816212360566288,8.831038437226834,1380.5124288822176,1694.957162136429,8158.8487073333345,6348.370245111111,5690.581896166667,4485.569818166668
1991-11-29,9776.51353,-0.1227413343176775,5.677983447349533,1372.88873359068,1714.379665693632,8269.148557,6412.491890777778,5690.581896166667,4485.569818166668
1991-12-31,9503.9261,-2.788186495763989,2.2535522962854992,1342.4572056266422,1724.1376979682025,8373.503356000001,6474.561102000001,5690.581896166667,4485.569818166668
1992-01-31,9655.009150000002,1.58969091731469,3.646575825576304,1291.9701010501162,1734.4412613207037,8491.369109666668,6538.394486888888,5690.581896166667,4485.569818166668
1992-02-28,9502.10913,-1.5836341284047428,3.6026513072822564,1235.699923630048,1737.4386931289007,8598.123877,6601.745969222222,5690.581896166667,4485.569818166668
1992-03-31,9852.04088,3.6826745011294015,7.256395094924128,1209.5930397680197,1747.0250531420386,8698.795684,6667.67526088889,5690.581896166667,4485.569818166668
1992-04-30,10427.47651,5.84077590632166,7.418759439312761,1202.330544183492,1766.114217966492,8815.023028000001,6740.269329111111,5690.581896166667,4485.569818166668
1992-05-29,10723.10215,2.83506407054952,9.962328268126177,1193.663223703902,1789.1651560806638,8943.177919666667,6816.052562000001,5690.581896166667,4485.569818166668
1992-06-30,11511.321000000002,7.350660648140894,19.88544519979729,1217.8527568910488,1829.2796594672168,9097.042485333332,6900.585659111112,5690.581896166667,4485.569818166668
1992-07-31,11683.974730000002,1.499860267991826,20.64610662844504,1229.4616979107818,1868.8622244685937,9258.452678,6987.389675555555,5690.581896166667,4485.569818166668
1992-08-31,12303.69101,5.303985110553211,22.405889135809744,1276.124802842351,1927.6004825748769,9434.171496666668,7077.270158,5690.581896166667,4485.569818166668
1992-09-30,11904.91386,-3.2411180488512548,22.571698955065656,1256.6916548931763,1968.6201916502591,9602.682455333335,7163.14864688889,5690.581896166667,4485.569818166668
1992-10-30,11171.87906,-6.157413725293425,14.132369503030784,1187.968754058996,1987.9676140744657,9741.625804,7240.498040444445,5690.581896166667,4485.569818166668
1992-11-30,11435.785210000002,2.362236008666563,16.972018449198643,1120.9998100777225,2009.8096017327723,9884.641406,7320.900352333335,5690.581896166667,4485.569818166668
1992-12-31,11724.58306,2.5253871482953327,23.365680000394786,1060.1423149175205,2035.813959205556,10031.526881000002,7403.912641666668,5690.581896166667,4485.569818166668
1993-01-29,12038.12274,2.6742075039724256,24.682665267075365,1026.4294853162328,2066.325206410029,10176.151714333337,7489.956075777778,5690.581896166667,4485.569818166668
1993-02-26,12135.50795,0.8089733931388787,27.713834728395724,1074.411852225644,2096.077181144324,10268.538034333336,7576.50750088889,5747.707790333334,4520.830244000001
1993-03-31,11979.918860000002,-1.2820978787294934,21.5983470421816,1098.5234004060717,2124.1396950305016,10361.346114666669,7657.370339222222,5803.094279,4558.251835666667
1993-04-30,12051.71272,0.5992850272109385,15.57650317833228,1109.0943896816752,2158.423338098872,10463.261770666668,7732.796018111111,5859.0764465,4604.185324166668
1993-05-31,11834.385,-1.8032932334948737,10.363445525882645,1112.0213971181029,2187.04632404183,10549.366930333335,7803.943163222223,5913.928922944445,4635.438007388891
1993-06-30,11964.96043,1.103356279181389,3.940811224011554,1114.985361408882,2212.48890936087,10638.383266333334,7879.239296444444,5968.626241000001,4669.757025333333
1993-07-30,12093.22858,1.0720315436931085,3.5026937275822068,1116.667271335149,2236.5604806077345,10730.980253,7956.861292888889,6023.317034111111,4707.663218888889
1993-08-31,12092.62253,-0.005011482219086,-1.7154891148392082,1103.2819558361805,2260.207309584345,10828.344827666668,8032.47523588889,6077.666579611112,4750.678248055556
1993-09-30,11931.711700000002,-1.3306528803061823,0.2250989827825789,1075.8606244361292,2276.9390181023155,10919.885071333334,8107.1211992222225,6130.565912722222,4789.3191586111125
1993-10-29,12283.580080000002,2.949018454745267,9.950886632673583,1078.551139062167,2298.3705279321366,11005.7606,8185.277806777779,6182.891199555555,4822.869400444446
1993-11-30,12227.11599,-0.4596712817620307,6.919776521405985,1073.9784246324152,2320.364832258126,11088.277322333335,8259.169687000001,6233.019787277778,4855.257535055557
1993-12-31,12065.82709,-1.3191082846675362,2.9105003414935826,1050.344562482853,2339.978718147032,11170.407101,8328.50653111111,6282.366319444444,4888.040781555556
1994-01-31,11904.4638,-1.337357885177526,-1.1102972023692923,1019.8062448139218,2353.788616610984,11244.405824333337,8396.781997555556,6327.770198111112,4916.635626222223
1994-02-28,11875.3838,-0.2442781169194718,-2.143496185505789,1000.422178815402,2366.058859347275,11305.200233666666,8463.851317666667,6363.977780888889,4941.222452777777
1994-03-31,11817.5531,-0.4869796292394368,-1.3553160242355975,957.7806244853932,2377.4738526905003,11375.364928333334,8528.450318333333,6400.2600821666665,4975.104846166668
1994-04-29,12074.745,2.176354934254543,0.1911120895022433,917.2639811494614,2390.422537952781,11451.572158333332,8596.537265333334,6442.278385055557,5009.293773277776
1994-05-31,12278.6924,1.6890410522126809,3.754376758910571,872.361696805524,2405.7119616169434,11534.978120666668,8665.990197111112,6487.357559555557,5047.62056111111
1994-06-30,12101.2059,-1.4454837226804296,1.1387038912254788,788.7137604185615,2416.0406953486536,11621.554114,8733.46915988889,6532.067899166667,5089.486214833333
1994-07-29,12166.8886,0.54277813750776,0.6091013620781016,701.2251628353437,2428.3353794183304,11705.283429,8799.061386444446,6573.488830388889,5131.794598611112
1994-08-31,12118.522,-0.3975264473120909,0.2141757913616038,567.7659503032299,2437.3440045400084,11792.497191333334,8864.767118222222,6612.967112055557,5179.530079277777
1994-09-30,12110.8013,-0.0637099144598751,1.5009548043303678,436.058650105522,2438.164204753916,11867.789205333334,8935.494115444444,6653.210216166668,5214.578989166666
1994-10-31,12720.6802,5.035826159578738,3.5584098215118987,371.0143068131478,2446.2410194652784,11944.229328333337,9013.165559111112,6694.92996338889,5249.299364944444
1994-11-30,13245.2838,4.124021606957773,8.327129724071568,370.5281103705111,2464.105904592584,12028.302050000002,9094.451746333334,6740.1131940000005,5288.188856000002
1994-12-30,13363.8306,0.8950114002087339,10.757683665761842,430.85381863227866,2481.974754185622,12090.05237,9176.591692,6787.502978166666,5302.549391833335
1995-01-31,13534.581,1.2777055105742008,13.693327371872057,497.9620942562758,2503.6581566187688,12151.739245666668,9257.928339000002,6836.555192944445,5315.184052722223
1995-02-28,14294.581,5.6152458653873305,20.37152853956603,633.2069767258498,2536.9721942333717,12218.102245333335,9348.469494111112,6891.358656388888,5326.743588944447
1995-03-31,14788.7011,3.456695232969764,25.14182060243928,784.7746231391828,2577.3710848174514,12314.228486666663,9444.703943333336,6950.683451722223,5363.545034944442
1995-04-28,13584.9414,-8.139725672053789,12.50706660886005,787.3114114238833,2586.7638976918124,12394.663898,9529.480566444445,7003.41611488889,5391.247783111111
1995-05-31,13425.6724,-1.1723937211830735,9.341222685894458,787.5641259814452,2590.487035243784,12460.993471000002,9612.590812111112,7055.182042777779,5405.811428222222
1995-06-30,13662.1664,1.7615058147851137,12.89921444936326,804.3595752388237,2600.28843626576,12525.579582333334,9694.873245333332,7108.671592944445,5416.907989388888
1995-07-31,13450.0535,-1.5525568477924525,10.546368444599707,816.0760127222833,2604.217889993683,12572.643940999998,9774.617809333336,7161.348477500001,5411.295463499998
1995-08-31,13582.6094,0.9855418047221898,12.081402336027436,831.959892750269,2604.948844491175,12620.880656,9857.812574666666,7216.629054222222,5404.251601777777
1995-09-29,13791.0401,1.5345409255455689,13.87388628034052,849.3742739485747,2602.914215930871,12681.251364,9945.569246888888,7272.662434222223,5408.588929777777
1995-10-31,13670.9014,-0.8711358906134947,7.469893001476446,859.3774601260542,2598.04196593713,12735.22432,10030.680122222224,7326.172561277779,5409.051758722222
1995-11-30,13586.4374,-0.6178378259680817,2.575660930723145,855.5717639926241,2589.089387573165,12793.626066666668,10114.825846222222,7379.438326666667,5414.18774
1995-12-29,13495.448,-0.6697075717582934,0.9848777939462928,850.0684719997869,2575.642041116348,12844.642319,10198.179736222222,7433.486524833333,5411.155794166668
1996-01-31,13224.574,-2.007150855607009,-2.290480953935692,840.6265424439721,2555.775068051385,12882.353833,10278.48857977778,7486.126875166666,5396.226957833335
1996-02-29,12735.5441,-3.697887735362981,-10.906488969491312,827.8979577976003,2529.401265753169,12903.784552,10352.248717555556,7537.396668944444,5366.387883055557
1996-03-29,12433.4994,-2.371667025989088,-15.925683290738768,812.5075127922494,2496.688786081558,12920.510808666666,10423.179671222222,7587.358060333335,5333.152748333331
1996-04-30,12615.8374,1.4665058816828225,-7.133663454742612,805.762662795649,2462.5556082912603,12931.586052666667,10496.469014111111,7640.420112055555,5291.165940611112
1996-05-31,12333.7573,-2.2359205422225914,-8.133038461447939,802.7773484267473,2425.8113591109345,12935.140763,10565.234123333334,7690.751206444445,5244.389556555554
1996-06-28,12310.7,-0.1869446547322462,-9.892035863360585,794.8392574348554,2396.120516731967,12943.303193333331,10628.275003333334,7741.883109444445,5201.420083888888
1996-07-31,12198.1244,-0.914453280479588,-9.307986023996106,783.3293997511628,2368.444396280768,12953.09188,10687.126117555556,7793.150599222223,5159.941280777777
1996-08-30,11578.3589,-5.080826196525767,-14.756004836596423,799.1383026149483,2336.1707702713484,12943.19105,10738.70379488889,7839.559468333334,5103.631581666666
1996-09-30,11634.173,0.482055362785494,-15.639626049669742,808.6895592336608,2304.837795657826,12937.07838,10789.496053333334,7884.923835777779,5052.1545442222205
1996-10-31,11757.6406,1.0612494760048774,-13.9951327569373,822.3072685166666,2265.417462028249,12926.508233333334,10845.643033000002,7926.779666444445,4999.728566888889
1996-11-29,11768.3374,0.0909774364084459,-13.381727280471631,841.2326817989042,2218.739209490344,12909.4964,10904.54102588889,7969.414766277779,4940.081633722221
1996-12-31,11389.3068,-3.2207659171974434,-15.606308141826783,874.2139299875214,2166.0108235805064,12885.76643,10960.274633333334,8010.188262000001,4875.578167999999
1997-01-31,11323.2952,-0.5795927808354362,-14.376862347324003,910.9309223864932,2103.8913061970466,12857.64665,11018.099729555555,8049.226433333334,4808.420216666666
1997-02-28,11340.1882,0.1491880208157159,-10.95639015532912,943.2197364298912,2043.0804974194132,12831.70219,11074.107752777778,8085.925368888889,4745.776821111111
1997-03-31,11575.8172,2.077822659063089,-6.898156121678833,962.1858988279664,1992.985038173287,12813.869386666667,11126.818092,8123.123512388889,4690.745874277778
1997-04-30,11692.7529,1.010172309908275,-7.316870618513205,983.6814422367128,1943.159908229288,12779.605143333332,11179.619166555556,8164.841054277777,4614.764089055555
1997-05-30,12222.685,4.53214144292744,-0.9005552590207078,984.7053244757562,1891.207041742028,12745.518516666663,11238.999495444445,8208.806163944446,4536.712352722219
1997-06-30,12081.6494,-1.1538839461214925,-1.8605814454092815,984.7685787333786,1835.564104499589,12702.779143333331,11296.624666222222,8251.676558500001,4451.10258483333
1997-07-31,12345.3,2.182240116982692,1.2065428681806043,974.008003851234,1776.1966728691043,12663.136443333333,11357.776122333336,8297.187862944445,4365.948580388887
1997-08-29,12449.434,0.8435112957967839,7.523303669572723,924.4313809880867,1718.8258104811173,12601.631543333331,11417.968428444448,8342.711903833335,4258.919639499996
1997-09-30,12148.8657,-2.414312971979282,4.423973238149359,829.8745355608708,1649.9584299887722,12513.637030000002,11476.849324,8386.702509277779,4126.934520722223
1997-10-31,12285.0048,1.1205910359186833,4.485289336025455,805.5906465190781,1581.5769686154947,12470.30581,11535.531837333334,8431.593626388889,4038.712183611111
1997-11-28,12525.8572,1.9605397305176409,6.436931354466435,785.2889678002807,1514.0110366164963,12440.31197,11595.315615666666,8478.838047888888,3961.473922111112
1997-12-31,12465.2802,-0.4836156043675932,9.447224654620756,750.715246780743,1446.3266434328957,12400.415763333333,11652.507408888889,8526.145521944445,3874.270241388888
1998-01-30,12413.6114,-0.4145017133269091,9.62896560358153,724.1226735254005,1385.643562724416,12365.867693333334,11704.88778288889,8572.535480333334,3793.332213
1998-02-27,12205.4063,-1.6772323000218914,7.629662618826738,687.0305990060313,1363.9062728166296,12319.960923333334,11736.459871222223,8618.305014833333,3701.655908500001
1998-03-31,12209.0691,0.0300096523619952,5.470472529576576,628.4387401297142,1337.5655935815553,12267.228556666669,11769.942011777775,8663.1899125,3604.038644166667
1998-04-30,12136.3685,-0.5954639080550383,3.793936327859981,569.980523423814,1304.9100745762096,12216.07746,11804.85451688889,8707.12443527778,3508.953024722219
1998-05-29,12079.2023,-0.4710321707848575,-1.1739049153275172,508.0924198028108,1276.4669739096933,12165.83629,11836.276429,8751.363436166666,3414.472853833333
1998-06-30,11823.3953,-2.117747460856756,-2.137573202546339,445.0023568056529,1247.388613188978,12110.1012,11864.375595111112,8794.050695833334,3316.0505041666675
1998-07-31,11273.3648,-4.652052020962206,-8.682941686309764,418.2870143862715,1219.1868634708003,12045.060893333331,11886.13165977778,8833.492128777778,3211.5687645555554
1998-08-31,11083.1631,-1.6871777270970556,-10.97456237769524,432.77074335750586,1187.609346059102,11989.981526666666,11907.37030211111,8873.205733222223,3116.7757934444435
1998-09-30,11153.5432,0.6350181745498285,-8.19271958862794,450.2771693322306,1154.588726311765,11947.316320000002,11929.237400000002,8912.928373833334,3034.3879461666675
1998-10-30,11526.178,3.340954469069524,-6.176853915433556,438.2801344230991,1130.935985301003,11910.99434,11949.446997555557,8954.648395333334,2956.3459446666675
1998-11-30,13499.4019,14.805471749388134,7.772280048027369,520.9280165994284,1118.0252860829964,11949.849160000002,11991.08908177778,9007.031086333334,2942.8180736666677
1998-12-31,12723.1106,-5.7505606970631895,2.0683883223098443,536.0025882903275,1091.168936575286,11963.59618,12025.76882477778,9054.908236,2908.687943999997
1999-01-29,12203.94,-4.080532004492676,-1.6890443340283667,536.0913780647769,1062.3670055576852,11963.790033333333,12053.762579222222,9100.992634444445,2862.797398888888
1999-02-26,12199.2,-0.0388399156338037,-0.0508487783810962,532.6717814198246,1040.789238914747,11984.484736666667,12077.625340111112,9147.581068055557,2836.903668611112
1999-03-31,12140.07,-0.4847039150108312,-0.565146281300033,529.1957130001565,1009.804180719678,12001.34797,12104.597092777778,9193.528357055557,2807.819612944446
1999-04-30,12077.21,-0.5177894361399926,-0.4874481192623792,527.3339774393271,979.1768658201846,12012.000283333333,12130.026891666666,9239.198568388889,2772.801714944444
1999-05-31,11827.38,-2.0686069050716127,-2.084759355342547,526.5027568597759,947.129957077279,12013.96837,12152.814296888888,9282.653093833334,2731.315276166666
1999-06-30,11273.51,-4.682947533604221,-4.650823947330929,531.6395912263156,909.1277618733156,12010.108476666666,12172.476340222222,9323.518721111112,2686.589755555555
1999-07-30,11085.56,-1.6671826254644806,-1.665916106963916,543.8614322868171,876.5399933632502,12002.18397,12188.371349666666,9363.382918277775,2638.801051722223
1999-08-31,11156.43,0.6393001345895044,0.6610648904011862,552.5398496290156,835.9827671057755,11996.058696666669,12206.752692666663,9404.249330944443,2591.8093657222234
1999-09-30,11532.12,3.367475079393678,3.3942290195280838,553.7421542366728,800.830174799151,11994.602123333334,12225.420238444443,9446.547749666666,2548.054373666668
1999-10-29,13505.63,14.805471749388134,17.17353315209951,615.1765190772162,788.821731995446,12055.03136,12259.621943888887,9499.9456365,2555.0857235000003
1999-11-30,12729.83,-5.744271092870157,-5.700785158489142,626.800705249439,773.1069237892259,12071.936193333331,12281.91892,9548.985741,2522.9504523333326
1999-12-31,12314.06,-3.2661080312934354,-3.2150203897465146,628.3592125731035,768.7348872820065,12079.683213333334,12290.838242222224,9595.711950666668,2483.971262666666
2000-01-31,12389.37,0.6115773351762277,1.5194273324844243,629.0527248990871,766.0693677835045,12081.152213333333,12298.675967444444,9643.0328215,2438.11939183333
2000-02-29,13082.08,5.5911640382037,7.237195881697156,652.0100534643748,770.5076920316303,12102.240413333337,12307.324734,9692.297446,2409.9429673333343
2000-03-31,12485.52,-4.560131110649069,2.845535487027684,655.7266997542716,769.5305781769493,12113.462223333334,12313.775913333337,9738.462280111113,2374.999943222221
2000-04-28,12208.01,-2.222654723231388,1.0830315942175428,655.1825872957359,759.9461108602301,12110.89573,12325.288479333334,9782.89325988889,2328.0024701111106
2000-05-31,12104.62,-0.8469029759968993,2.3440525289624814,650.4797733013431,754.3999639796091,12096.85449,12332.719977,9826.810164666667,2270.0443253333324
2000-06-30,12769.17,5.490052558444614,13.267030410227164,658.728829918208,752.9727772731812,12106.98415,12344.326498555558,9874.119570111112,2232.8645798888883
2000-07-31,12609.2,-1.2527830704736398,13.744366545307596,662.8234225721436,752.7696117612527,12113.50377,12350.671801444443,9920.31393861111,2193.1898313888905
2000-08-31,12542.78,-0.5267582400152238,12.426466172422534,667.2834730467375,752.6857748807074,12124.74956,12355.197046444446,9965.852273666667,2158.897286333333
2000-09-29,12556.56,0.109864001441462,8.883362295917818,671.7982877267686,751.9092675411945,12136.33259,12361.604170222225,10009.487254722222,2126.845335277778
2000-10-31,12508.65,-0.3815535465127362,-7.381958486942109,675.228587374985,751.3357506354286,12148.741973333334,12366.681251111111,10049.73863461111,2099.003338722223
2000-11-30,12441.18,-0.5393867443728939,-2.2675086784348264,677.174463058563,749.2250765005442,12160.807896666667,12373.423417777778,10088.6832905,2072.124606166668
2000-12-29,12690.05,2.0003729549769256,3.0533390287200035,680.7603747498698,748.6817614767158,12189.696386666668,12381.479968555555,10130.3596325,2059.3367541666667
2001-01-31,12352.21,-2.6622432535726825,-0.299934540658664,658.8274889581844,748.0588546190744,12225.657893333331,12384.357539888888,10170.609416388888,2055.0484769444447
2001-02-28,12181.79,-1.379672139641397,-6.881856707801815,622.6736977741729,747.7271057601096,12262.27879,12385.348289555552,10208.911762722222,2053.367027277778
2001-03-30,12261.31,0.652777629560175,-1.795760208625674,586.4491306885445,746.2860906008754,12299.204349999998,12389.01049288889,10248.065846055557,2051.138503944443
2001-04-30,12174.42,-0.7086518487828708,-0.2751472189161053,568.6568883549845,746.54802438671,12320.812416666666,12387.797603111112,10286.537704944443,2034.274711722221
2001-05-31,12779.02,4.966150338168074,5.571426447092098,531.1448833667039,747.4794631135302,12296.799686666664,12393.929869888889,10326.549778444443,1970.249908222222
2001-06-29,12699.88,-0.6192963153669129,-0.5426351125406015,530.5184998610421,747.3403093247227,12296.025333333331,12400.97490222222,10364.740716666667,1931.284616666666
2001-07-31,12609.92,-0.7083531497935391,0.0057101164229189,533.2594194096001,745.7720982620464,12309.558,12408.813304444444,10402.797651,1906.7603489999983
2001-08-31,12835.54,1.789226259960408,2.33409180420927,541.3133199272614,744.9226738435939,12330.769333333334,12419.481706666667,10441.666512166668,1889.1028211666671
2001-09-28,13502.24,5.194171807341164,7.531362092802496,580.4787040482613,750.7710161473782,12376.175,12438.200450000002,10483.325384166666,1892.8496158333328
2001-10-31,13591.01,0.657446468141587,8.652892198598572,618.1665858436145,759.4853997861627,12426.635,12455.04783888889,10525.792552111112,1900.8424478888885
2001-11-30,13254.05,-2.4792859397498868,6.533705002258627,625.3118033812574,763.8867306371784,12474.190666666664,12465.885145555556,10565.937671333337,1908.2529953333303
2001-12-31,13206.79,-0.3565702558840367,4.072009172540714,596.2501411340761,766.8402201969485,12538.633333333331,12478.169413333331,10605.819286611111,1932.81404672222
2002-01-31,13604.97,3.014964272166054,10.141990785454592,560.9100848805315,775.2180870850914,12622.613666666668,12494.148095555554,10646.604741,1976.008925666667
2002-02-28,14386.56,5.744885876264338,18.098900079544958,579.4767072034726,799.3584975972918,12730.284666666666,12519.348517777778,10692.057818,2038.2268486666671
2002-03-29,14330.49,-0.3897387561724308,16.87568457204003,604.638214902675,820.5730025892431,12823.563666666663,12544.011725555554,10739.7529205,2083.810746166664
2002-04-30,14807.48,3.328497490316096,21.627806499200773,695.2114416777537,854.4066581210432,12866.958666666666,12567.19839,10790.181974555557,2076.776692111109
2002-05-31,15407.2,4.050115212041483,20.566365808958743,834.8307199943089,902.7102322005968,12956.204333333331,12591.21968111111,10842.835713722225,2113.3686196111103
2002-06-28,15719.87,2.029375876213724,23.779673508726077,965.7974154097136,957.8456703707776,13069.731333333331,12617.397896666667,10896.994794333334,2172.7365389999995
2002-07-31,15277.04,-2.817008028692347,21.150966857838903,1036.930819124132,993.5376433459372,13165.987,12636.758552222223,10947.343445611112,2218.643554388889
2002-08-30,15074.46,-1.3260422176023745,17.44313055781057,1093.6249392399604,1011.3994782825724,13232.399666666666,12645.423874444445,10996.946684277778,2235.452982388888
2002-09-30,15457.12,2.538465722818617,14.478190285463754,1156.4161964632603,1029.6050627576485,13331.453,12652.850751111111,11048.777347222223,2282.675652777776
2002-10-31,15309.59,-0.9544468827310636,12.644976348336144,1190.6517489416167,1062.6663915481029,13434.839,12672.013513333332,11100.747039888887,2334.091960111111
2002-11-29,15396.04,0.56467874058026,16.16102247992124,1215.242390339082,1098.0744581541046,13544.552999999998,12693.906486666663,11153.24864938889,2391.304350611108
2002-12-31,15978.22,3.781361960608032,20.984887319325885,1283.9306229397491,1147.0670744782626,13651.521333333334,12719.640415555554,11207.256830444445,2444.264502888889
2003-01-31,17100.81,7.025751303962524,25.695315755933336,1413.5371467109626,1234.4127031784446,13801.241666666669,12760.204376666668,11267.411093,2533.830573666666
2003-02-28,17139.24,0.2247261971801251,19.133691445349,1517.697776064183,1315.3160079071513,13954.457,12799.722494444444,11328.767534555556,2625.689465444444
2003-03-31,16222.86,-5.346678149089468,13.205200938697836,1548.5506824729416,1360.124140624349,14076.667,12826.742715555556,11386.155981222224,2690.5110187777755
2003-04-30,15546.28,-4.170534665280967,4.989370237204449,1541.7833284684216,1387.296514947387,14177.921333333334,12847.580255555557,11439.13018888889,2738.7911444444435
2003-05-30,16750.21,7.744167736590346,8.716768783425909,1574.7714995794324,1445.1081646348766,14321.555666666667,12882.733284444445,11498.779565333334,2822.7761013333347
2003-06-30,16644.38,-0.6318129742850842,5.881155505738911,1598.8113143970013,1497.287579442952,14453.366666666669,12917.72141777778,11557.950577,2895.416089666667
2003-07-31,16221.21,-2.5424197236544765,6.180320271466178,1579.4059296988885,1536.9806273621468,14582.333333333334,12951.017373333334,11614.752976555556,2967.5803567777784
2003-08-29,16519.67,1.839936724818925,9.587142756689126,1550.3569622397476,1582.1166558235454,14726.929333333332,12993.063216666667,11672.655967111112,3054.2733662222217
2003-09-30,17365.01,5.117172437463946,12.343114370594254,1550.489656263162,1646.6031567619718,14897.052666666666,13047.857778888889,11735.518725055554,3161.533941611113
2003-10-31,17192.48,-0.9935496725887228,12.298761756519935,1516.9549904757923,1702.821176264216,15064.321333333331,13098.709363333335,11797.58918872222,3266.732144611111
2003-11-28,17754.07,3.2664862777214143,15.315821470975656,1530.387928505025,1769.9907483457548,15230.156333333334,13158.93506,11862.08459166667,3368.071741666665
2003-12-31,18538.05,4.415776213566813,16.020745740138764,1568.265573499489,1856.085261618757,15424.762,13228.127837777776,11928.201420555555,3496.560579444442
2004-01-30,18791.49,1.3671340836819423,9.886549233632792,1591.594790968932,1943.0565993015312,15630.814333333336,13301.387455555556,11994.256786555556,3636.55754677778
2004-02-27,18320.59,-2.5059215634311127,6.892662685159889,1574.3692858892782,2004.8682823253928,15813.649333333333,13376.301134444444,12057.502464666668,3756.146868666665
2004-03-31,18282.76,-0.206488983160491,12.69751449497807,1574.2829361792265,2061.6410875164083,15973.0,13450.174323333336,12119.835188333333,3853.164811666667
2004-04-30,17717.71,-3.090616515230737,13.967521490671707,1538.865655435336,2101.991806538916,16110.556666666667,13516.397316666667,12181.020174833337,3929.536491833333
2004-05-31,17356.6,-2.038130209829603,3.620193418470574,1456.3426174262297,2132.096473746422,16247.308333333332,13578.489123333333,12241.51507461111,4005.793258722222
2004-06-30,17859.02,2.8946913566021197,7.297598348511625,1366.3253267368568,2166.249525746571,16402.38266666667,13650.374825555557,12305.324729444445,4097.0579372222255
2004-07-30,18332.44,2.65087334019447,13.015243622393148,1303.7497642405094,2207.2537731789785,16559.965,13728.254212222222,12373.17697088889,4186.788029111111
2004-08-31,18558.82,1.2348601713683571,12.343769578932283,1286.3288252272528,2250.237895328896,16699.040333333334,13808.46123222222,12441.2844925,4257.755840833335
2004-09-30,18672.87,0.6145326049824318,7.531582187398689,1254.537203963188,2295.026153914683,16843.786333333333,13887.317374444445,12507.067733222222,4336.718600111111
2004-10-29,19244.34,3.0604293823070616,11.934636538765789,1267.660998717658,2351.2460477433974,16991.681666666667,13971.223897777778,12575.421532166669,4416.2601345
2004-11-30,19824.78,3.016159556524145,11.663297486153867,1332.1920152780335,2423.1756929713297,17138.934333333335,14055.69162,12647.34555772222,4491.588775611113
2004-12-31,19452.84,-1.876136834809761,4.934661412608121,1368.906498989262,2479.618289989161,17263.366666666665,14137.593737777775,12717.109202,4546.257464666664
2005-01-31,18560.05,-4.5895098093646,-1.2316213349766405,1335.456364002729,2515.4215758947494,17372.800333333333,14206.646515555556,12782.211318944444,4590.589014388888
2005-02-28,18498.58,-0.3311952284611119,0.9715298470191368,1277.30938855655,2548.540197423261,17486.93766666667,14273.859248888888,12845.913838666667,4641.023828000001
2005-03-31,18976.9,2.5857119843793352,3.796691527975016,1245.6950038419452,2585.9279020312674,17604.26366666667,14349.726296666668,12913.287810333337,4690.975856333334
2005-04-29,18774.04,-1.0689838698628384,5.962000732600337,1184.7259861972002,2617.9773307867667,17719.745333333332,14421.82668777778,12978.679262555555,4741.066070777777
2005-05-31,18342.6,-2.2980669051520186,5.680836108454423,1104.8892669423929,2642.331487330698,17817.964,14486.45716333333,13040.8863895,4777.077610499999
2005-06-30,18761.52,2.283863792483088,5.053468779361903,1061.0671777816065,2671.4071293726984,17910.740666666665,14556.415383333331,13104.46139611111,4806.279270555555
2005-07-29,18468.07,-1.564105680136796,0.7398360501929879,1054.4218564255746,2692.9854102347413,17956.316,14623.687145555556,13164.28746422222,4792.0285357777775
2005-08-31,19101.24,3.428457873508184,2.922707370403943,1062.808268690837,2721.357896577936,18021.716,14700.30752,13218.383695611112,4803.332304388889
2005-09-30,20027.26,4.847957514800072,7.253250303782965,1067.7264961331384,2765.3680909987797,18148.52933333333,14787.176307777778,13278.559159777777,4869.970173555555
2005-10-31,21070.91,5.211147206357736,9.491466062229216,1079.7889139071715,2828.7802023937943,18332.683666666668,14886.44899111111,13345.651754000002,4987.031912666665
2005-11-30,21788.08,3.4036024072999327,9.903262482610153,1209.187748218333,2904.630725950148,18500.612666666668,14994.32541,13415.3009195,5085.3117471666665
2005-12-30,23323.81,7.048487062650777,19.89925378505144,1447.1421134859004,3014.4562827328955,18723.26033333333,15122.107795555556,13493.241695333334,5230.018638000001
2006-01-31,24383.69,4.5441975389098,31.37728616032822,1704.8786731818866,3140.5155092938708,18995.343,15267.778075555556,13576.954867666667,5418.38813233333
2006-02-28,24599.71,0.8859200555781266,32.98161264270012,1924.3939055296448,3259.1039920227645,19264.677666666663,15417.96193,13662.666116055556,5602.011550611111
2006-03-31,24788.93,0.769196059628352,30.626867401946576,2137.247172909904,3373.559603916854,19512.141666666663,15569.466227777775,13749.351813888889,5762.789852777778
2006-04-28,27442.21,10.703487403449842,46.17104256728973,2535.745782652787,3570.635056972342,19853.79933333333,15746.31102777778,13847.879012666666,6005.920320666666
2006-05-31,30626.13,11.602272557494464,66.96722383958655,3176.321015709486,3891.507516156667,20282.868,15936.608006666664,13963.848544222225,6319.019455777776
2006-06-30,27454.62,-10.355568921048796,46.33473194069562,3415.5875120810924,4060.9508865891103,20580.087,16100.291444444443,14063.030134611112,6517.056865388888
2006-07-31,29448.88,7.263841204139787,59.45835163067934,3760.004195044809,4276.177304768561,20935.33333333333,16291.901888888888,14172.832234055555,6762.501099277775
2006-08-31,29432.5,-0.0556218097258698,54.08685509422424,4031.0880510726174,4472.201123288962,21305.73033333333,16483.382999999998,14280.504170055556,7025.226163277774
2006-09-29,27581.02,-6.290597129024034,37.71739119580013,4146.454425804563,4598.113819916248,21615.67233333333,16654.94911111111,14379.773101944444,7235.899231388887
2006-10-31,26626.12,-3.462163473287072,26.36435730587809,4176.554406887306,4690.191256883087,21912.61933333333,16816.603666666666,14473.315279166667,7439.304054166665
2006-11-30,28147.37,5.713374686210382,29.18701418390237,4234.904392386721,4809.105507775902,22272.311666666665,16997.93688888889,14575.37559288889,7696.936073777775
2006-12-29,28115.38,-0.113651826085348,20.543684758193457,4280.089890686371,4910.4611468323565,22614.19033333333,17185.06877777778,14678.772558999995,7935.417774333335
2007-01-31,27963.43,-0.5404515251083208,14.680878898968942,4308.952301574514,4996.434545045183,22935.22333333333,17372.60066666667,14780.486008166668,8154.737325166669
2007-02-28,29353.5,4.971028232230457,19.32457740355476,4381.002195493073,5108.980623560617,23295.046,17574.790333333334,14890.771513000002,8404.274486999997
2007-03-30,28786.94,-1.9301275827414144,16.128207227984426,4402.149952288734,5202.570805230931,23632.181666666664,17766.510555555556,14995.965397,8636.216269666664
2007-04-30,28613.56,-0.6022870093174149,4.268424445407293,4412.457683161702,5306.2475346075535,23944.489,17934.376444444446,15096.999194166669,8847.489805833335
2007-05-31,27240.72,-4.7978650681704815,-11.053992130249558,4381.322554181674,5366.446424517108,24191.687,18095.608555555555,15188.76373777778,9002.923262222219
2007-06-29,26731.33,-1.869957915943488,-2.6344928467412654,4310.81585810296,5406.953860771733,24434.303333333333,18255.800444444445,15273.319343333333,9160.98399
2007-07-31,26887.94,0.5858668461314664,-8.696222063453696,4185.824009229893,5446.049523252328,24711.899666666668,18416.895666666667,15357.785817055556,9354.11384961111
2007-08-31,27168.25,1.0425119960844942,-7.693026416376458,4038.758057942922,5493.216252807685,25000.88866666667,18573.408666666663,15440.366700333334,9560.521966333336
2007-09-28,28714.82,5.692563930323069,4.110797932781307,3927.7060800901695,5557.131348203127,25325.486,18753.73422222222,15533.755067777778,9791.73093222222
2007-10-31,29816.54,3.83676443035339,11.982294078145838,3808.1715117644176,5633.533363871181,25693.569333333333,18949.384555555556,15637.336517444444,10056.232815888889
2007-11-30,31817.91,6.7122811701156415,13.040436815233548,3704.5216395983416,5746.514674578193,26142.746333333333,19168.421111111114,15750.570544055558,10392.175789277777
2007-12-31,31692.24,-0.3949662312829449,12.722075959848311,3565.746349714276,5854.906019283072,26573.77033333333,19378.677444444445,15861.5019715,10712.268361833334
2008-01-31,35019.33,10.498121937736183,25.23259843302485,3548.7515555507584,6037.464786018955,27125.479,19627.67888888889,15989.175345166666,11136.303654833331
2008-02-29,36670.41,4.714767529818542,24.92687413766672,3627.688518372912,6251.2272538074285,27711.118,19895.763666666666,16125.480356555556,11585.637643444446
2008-03-31,39072.68,6.550976659382846,35.73057782452737,3893.3899723194527,6520.499989401791,28345.965333333334,20190.38722222222,16275.99569622222,12069.969637111111
2008-04-30,36420.54,-6.787709468610803,27.2841967235115,3912.908346257441,6688.96589993025,28857.619666666666,20456.07488888889,16411.37807,12446.241596666669
2008-05-30,37467.44,2.874476874862375,37.54203266286649,3982.5938991470575,6869.776283092123,29380.265000000003,20734.14444444445,16553.78393111111,12826.481068888894
2008-06-30,38152.83,1.8292949825234883,42.72701732386679,4122.761987829087,7056.553060083119,29874.565666666665,21017.064222222223,16699.27209538889,13175.293571277776
2008-07-31,40218.65,5.41459178781758,49.5787702590827,4399.882413561893,7279.911369200752,30402.397666666668,21326.69133333333,16855.52443661111,13546.873230055557
2008-08-29,36048.41,-10.368920886205768,32.68580052082854,4375.666145923698,7377.092898845232,30784.021000000004,21591.876,16988.61214477778,13795.408855222224
2008-09-30,37846.52,4.988042468447262,31.80134857192209,4408.070940990535,7505.349471344455,31219.274,21876.15611111111,17132.583302,14086.690698
2008-10-31,39183.32,3.5321609490119643,31.414711431977004,4579.061367825204,7651.615815674877,31610.644333333337,22176.255,17282.026301555554,14328.618031777783
2008-11-28,37307.25,-4.787930170286748,17.25235881300815,4690.63786118781,7749.343683445487,31833.34833333333,22448.79088888889,17421.360379388887,14411.987953944448
2008-12-31,39751.86,6.552640572542878,25.430894124239867,4830.03980473185,7890.316116175545,32243.25633333333,22749.368444444444,17575.171673333334,14668.08466
2009-01-30,41980.45,5.606253392923,19.877935985639915,5113.602473540477,8071.53564040514,32660.97533333333,23075.707666666665,17742.260485555555,14918.714847777776
2009-02-27,46516.97,10.806268155772525,26.85151325005637,5663.419245169008,8366.834652492571,33230.45766666667,23449.94577777778,17934.713742222222,15295.743924444449
2009-03-31,47385.29,1.866673603203295,21.274737233279104,6118.160373379755,8670.974885054042,33890.6,23826.42411111111,18132.312280555558,15758.287719444445
2009-04-30,44642.27,-5.788758494461055,22.57443190024089,6263.003173265979,8874.505401201892,34491.138333333336,24171.438111111114,18313.242975,16177.895358333337
2009-05-29,45113.65,1.05590508726372,20.40761258308548,6434.096287073631,9067.455091321825,35056.681,24525.433666666664,18495.659406111117,16561.021593888883
2009-06-30,45179.53,0.1460311901165134,18.41724453992011,6552.47911591919,9243.637120937032,35625.486000000004,24880.68633333333,18679.42787333333,16946.05812666667
2009-07-31,45272.28,0.2052920869252128,12.56538943997374,6616.284726182018,9410.800935659723,36202.44766666667,25232.54533333333,18863.346714444444,17339.100952222223
2009-08-31,45879.51,1.341284335580184,27.271937930133383,6713.638464353056,9586.838001315224,36753.314666666665,25582.467000000004,19050.90775888889,17702.406907777775
2009-09-30,48232.9,5.129501165117056,27.44342148234502,6855.222550331684,9803.363621295455,37401.513333333336,25959.16044444445,19251.586085,18149.927248333337
2009-10-30,48734.12,1.0391662122742007,24.3746573797218,6949.407059312836,10019.63142544996,38072.19866666666,26336.123111111112,19451.660750555555,18620.53791611111
2009-11-30,52517.32,7.762938984021872,40.769743146439374,7121.06446045262,10323.797184051891,38914.752,26748.45777777778,19669.838729444447,19244.913270555557
2009-12-31,52899.19,0.727131544412396,33.073496435135375,7179.666491856108,10617.22275656956,39787.014,27161.56133333333,19889.479615,19897.534384999995
2010-01-29,51332.6,-2.9614631150306936,22.277393405740064,7051.2339745939225,10841.615140037296,40601.836,27562.178666666667,20099.468609444444,20502.36739055556
2010-02-26,50754.56,-1.126068034738159,9.109772197114284,6812.64009668827,11030.556789415952,41388.04633333333,27958.624222222224,20302.024048333333,21086.022285
2010-03-31,50646.45,-0.2130054915262746,6.882220199559819,6578.502206465386,11204.736337597924,42119.100666666665,28349.616777777774,20501.233764444445,21617.86690222222
2010-04-30,51111.58,0.918386185013964,14.491444991484537,6350.182661279935,11370.88090768114,42828.935333333335,28747.416666666668,20709.71509,22119.220243333333
2010-05-31,55374.21,8.339851751794791,22.743803704643707,6397.910139296268,11621.558564458775,43614.14533333333,29191.618555555557,20942.76252111111,22671.38281222221
2010-06-30,57424.21,3.70208441799893,27.102273972305603,6468.96913126355,11909.676206013735,44471.87766666667,29652.12955555555,21185.88498555556,23285.99268111111
2010-07-30,55870.26,-2.70608859921625,23.409424044912264,6538.110310968512,12149.327642828992,45166.90866666667,30082.901222222223,21421.55279944445,23745.355867222224
2010-08-31,56626.79,1.3540835499959991,23.425010424043325,6657.955729900133,12387.318140930329,45832.12133333333,30521.65177777778,21660.68713611111,24171.434197222217
2010-09-30,58470.24,3.255437929644245,21.224807133719924,6915.780752377032,12637.335217182055,46478.706666666665,30991.06711111111,21908.904913333336,24569.80175333333
2010-10-29,59620.63,1.9674795246265475,22.3385792130852,7048.146341548627,12883.674032757135,47252.043,31480.782111111108,22164.18118333333,25087.861816666664
2010-11-30,61649.76,3.403402479980522,17.38938696795649,7269.86604636289,13172.922451319537,48058.12033333334,31979.666,22431.199642222226,25626.920691111118
2010-12-31,62747.06,1.779893384824205,18.616296393196173,7497.505910044291,13463.078597069976,48877.928,32491.918,22704.81970888889,26173.10829111111
2011-01-31,61622.03,-1.7929604988664027,20.04463050770855,7661.6468377392675,13695.14556572354,49591.374,32996.371555555554,22973.694464444445,26617.67953555556
2011-02-28,62336.2,1.1589524071180302,22.81891518712802,7561.946295450707,13925.400756700888,50467.63366666667,33505.444111111115,23249.253663888885,27218.380002777783
2011-03-31,64047.92,2.7459485820438223,26.460827955365083,7567.069786501062,14184.462466511495,51341.013666666666,34024.14311111111,23536.000445,27805.013221666668
2011-04-29,65435.33,2.1662061781241304,28.024471166807995,7630.302067135936,14450.304961471216,52216.08066666667,34560.17477777778,23829.442070555557,28386.638596111115
2011-05-31,67911.98,3.784881959027331,22.64189412363624,7614.165911993294,14758.791378556263,53236.238333333335,35117.48488888889,24138.20997444445,29098.02835888889
2011-06-30,68539.19,0.923563118024262,19.355912776161844,7669.955593204999,15065.5887424355,54195.816,35673.05311111111,24450.59047444444,29745.22552555556
2011-07-29,69847.57,1.908951652332047,25.01744219554376,7825.455154277064,15380.730556843986,55124.72,36240.34288888889,24770.86517222222,30353.85482777778
2011-08-31,79641.06,14.02123223470766,40.64201767396669,8840.109919803304,15926.508307328497,56228.85633333333,36921.681444444446,25148.99128944444,31079.865043888887
2011-09-30,84355.24,5.919283344546145,44.27038438699758,10057.771589421616,16567.601751239676,57461.188,37655.82011111111,25552.99721722222,31908.190782777783
2011-10-31,82057.82,-2.723505973072926,37.63326553241724,10711.917059068102,17077.8838267663,58708.373,38370.710222222224,25943.553769444447,32764.819230555557
2011-11-30,88315.43,7.62585454987712,43.25348549613168,11681.340926775396,17722.62958792568,60148.43233333334,39159.14166666667,26368.815395,33779.61693833334
2011-12-30,86476.98,-2.0816860655040625,37.81837746660959,12274.775259126927,18263.710925003696,61525.014,39921.56344444445,26785.969135000003,34739.044865
2012-01-31,84585.87,-2.1868363118138445,37.26563373520801,12574.695755861385,18713.438297375636,62835.467,40657.712666666666,27192.983439444444,35642.48356055556
2012-02-29,85730.06,1.3526963782485302,37.52853077345107,12824.126768095854,19156.416815929864,64163.818666666666,41404.05977777777,27606.260505,36557.55816166667
2012-03-30,84357.23,-1.6013403000067927,31.7095543461833,12971.812116529716,19528.287992352198,65367.963,42133.886,28010.60168722222,37357.36131277778
2012-04-30,85497.37,1.3515616859396615,30.659339534162957,13082.268142585586,19900.93370478376,66593.40466666667,42870.03077777778,28420.627337777776,38172.77732888889
2012-05-31,86441.21,1.103940390213176,27.28418461661699,13288.139201173435,20269.602303898544,67724.201,43610.21333333333,28832.952476666665,38891.248523333335
2012-06-29,89494.46,3.5321694363140037,30.574143055965507,13557.269872774968,20672.27677337819,68944.04333333333,44388.45355555556,29263.02364666667,39681.01968666667
2012-07-31,88322.18,-1.309891137395558,26.449896538991947,13582.352947085952,20998.266444900026,70177.02933333332,45163.58833333333,29685.117424444445,40491.91190888888
2012-08-31,90235.18,2.1659338571579534,13.302334248188052,13548.213798933602,21333.564474464594,71493.05,45960.66166666667,30117.26045777777,41375.78954222223
2012-09-28,94946.79,5.221477920252382,12.555888644262048,13611.795934186195,21752.73637792969,72969.72799999999,46804.77155555556,30577.248926111108,42392.47907388888
2012-10-31,92797.08,-2.2641207775428662,13.087430302194235,13429.986037938635,22077.96329754581,74359.24466666667,47627.24977777778,31024.53823277778,43334.70643388889
2012-11-30,94385.03,1.7112068612503697,6.872638224147254,13416.97795437502,22397.405317495148,75659.60533333333,48472.16566666666,31479.311415,44180.29391833332
2012-12-31,92196.29,-2.318948248466945,6.613679154845609,13288.668585697978,22639.195691568497,76818.67466666666,49288.10755555555,31922.26146944445,44896.41319722221
2013-01-31,90548.58,-1.7871760349575827,7.049297950118638,12906.374658733796,22810.966252540235,77974.61866666666,50089.00211111111,32356.344628333336,45618.27403833333
2013-02-28,87658.58,-3.1916568984295512,2.2495260122295635,12368.774574943429,22909.024886815787,79009.01166666667,50850.75033333332,32775.52892666667,46233.48274
2013-03-29,86744.55,-1.0427159554717846,2.830012317853492,11814.602996456331,22979.74292320807,79951.48866666666,51592.05355555555,33189.61493166667,46761.87373499999
2013-04-30,80698.0,-6.970524373000964,-5.61347091729254,11173.190546188987,22949.435289955378,80654.06766666665,52254.576777777766,33570.51288444444,47083.55478222221
2013-05-31,77773.03,-3.624587969962079,-10.027832789476232,10600.645332925247,22872.969656871526,81191.51000000001,52876.63177777777,33935.47859388888,47256.03140611113
2013-06-28,78376.05,0.7753587586853739,-12.423573481531712,10031.714647599008,22809.802250907767,81712.47633333334,53488.32333333333,34305.21556444444,47407.2607688889
2013-07-31,76868.33,-1.9236999057747892,-12.968260067856107,9341.260090103626,22728.116516430484,82220.68633333333,54071.48599999999,34669.63203777778,47551.05429555555
2013-08-30,84870.0,10.409579601898455,-5.94577414263483,8560.565945963392,22737.903226640377,82971.81300000001,54741.15588888888,35079.55890944445,47892.25409055556
2013-09-30,86172.88,1.535147873217868,-9.240870597099692,7792.638801665462,22749.99457630413,83709.31166666666,55423.19977777777,35496.33300277778,48212.97866388888
2013-10-31,81058.53,-5.934987898744948,-12.649697598243392,7012.263781386926,22711.01640414561,84230.085,56018.93666666666,35882.62384722222,48347.46115277779
2013-11-29,79979.36,-1.3313466207689697,-15.262664005086402,6359.672279975286,22686.82168262888,84632.331,56567.30588888889,36251.95694777778,48380.37405222223
2013-12-31,75739.81,-5.300805107717799,-17.849395024463565,5846.534365813891,22561.20476381636,84872.35166666667,57103.808,36602.04972222222,48270.30194444445
2014-01-31,77346.89,2.12184318920261,-14.579676456549628,5318.44807471158,22466.255463502624,85122.329,57636.00811111112,36963.955,48158.374
2014-02-28,80799.98,4.4644199656896255,-7.82421983107644,5281.341355721339,22394.07481354701,85160.95966666666,58206.75788888889,37345.07044444444,47815.88922222222
2014-03-31,81431.2,0.781213064656705,-6.125283951556614,5323.537039163559,22285.74307345417,85063.49166666667,58805.09322222222,37730.021166666666,47333.4705
2014-04-30,78425.87,-3.690637003998465,-2.81559642122482,5434.391152676256,22113.57601205195,84942.42666666667,59380.64600000001,38098.624833333335,46843.80183333333
2014-05-30,76277.09,-2.739886723602813,-1.9234688426052136,5618.0920674431845,21930.98097346738,84541.14866666666,59915.42066666667,38456.67877777778,46084.46988888888
2014-06-30,76423.29,0.1916696087907787,-2.4915264293110084,5795.684362008193,21734.21760534752,84206.02566666667,60452.17522222223,38818.622,45387.403666666665
2014-07-31,78746.65,3.0401203612145045,2.443555102602057,5879.927019179325,21539.615326994757,84011.385,61016.433222222215,39194.51694444444,44816.86805555556
2014-08-29,78903.69,0.1994243564646947,-7.029939908094729,5942.872010667888,21353.664503689823,83783.83933333332,61566.99088888888,39570.89061111111,44212.948722222216
2014-09-30,75450.6,-4.376335251241093,-12.442754611427633,6132.682196153832,21113.965334556706,83486.95166666666,62085.476,39925.99327777778,43560.95838888888
2014-10-31,75013.27,-0.5796242839685828,-7.45789493098381,6310.31328075699,20852.342195792364,83137.48166666666,62601.02833333333,40267.70238888889,42869.77927777777
2014-11-28,72550.74,-3.2827924979140333,-9.288171348207827,6564.046613354806,20533.56524491892,82674.466,63104.473000000005,40600.04077777778,42074.42522222222
2014-12-31,75398.1,3.9246463923042096,-0.4511630013331102,6563.546495845937,20203.081704068896,82204.58733333334,63645.21488888888,40950.507666666665,41254.07966666668
2015-01-30,77675.84,3.0209514563364293,0.4252918249201709,6508.960921413656,19871.42448490509,81849.70933333333,64209.52488888889,41313.21027777778,40536.49905555555
2015-02-27,76118.93,-2.004368411078661,-5.793380146876281,6391.033658995431,19512.85841343266,81379.16766666668,64753.42133333335,41663.415,39715.752666666674
2015-03-31,73659.74,-3.230720663046616,-9.543590171826022,6002.639065624883,19151.96268306357,80669.59933333333,65252.80933333333,42003.27177777778,38666.32755555555
2015-04-30,75154.96,2.029901273069923,-4.170702856085617,5625.92289195162,18802.48511892682,80081.52866666667,65756.56955555556,42352.97705555556,37728.55161111111
2015-05-29,76411.9,1.6724644654191545,0.1767372090361485,4968.825183049024,18482.93606730984,79482.42433333333,66252.05833333333,42710.23972222222,36772.18461111111
2015-06-30,75387.54,-1.340576533236315,-1.355280569575057,4401.000600383151,18135.55269019708,78922.13266666667,66737.56166666666,43058.11955555555,35864.01311111112
2015-07-31,71879.67,-4.653116416850844,-8.720345563906529,4002.153637398687,17824.753875571358,78299.83566666667,67147.121,43387.39994444444,34912.435722222224
2015-08-31,72738.97,1.1954701517132849,-7.812967935973591,3715.842524922141,17534.950228246966,77802.51533333333,67547.88277777778,43721.82322222223,34080.6921111111
2015-09-30,74464.39,2.372070982033425,-1.3070936480293116,3355.76414480339,17284.243683990815,77393.17666666668,67941.124,44065.75561111111,33327.42105555557
2015-10-30,75407.17,1.266081680115816,0.5251070910520239,3314.870913473377,16971.09846883929,77216.81566666668,68374.30877777778,44415.19183333334,32801.62383333334
2015-11-30,71817.74,-4.7600645933271295,-1.01032739293907,3455.735697177935,16651.46027614965,77018.306,68755.97877777778,44745.06161111111,32273.24438888889
2015-12-31,71140.92,-0.9424133925684752,-5.646269600958121,3606.873041272905,16330.220992522514,76777.13500000001,69122.51311111111,45069.78866666667,31707.346333333346
2016-01-29,73946.53,3.943735897708378,-4.801119627415673,3643.586264963281,16043.960900633236,76679.74166666667,69497.26733333332,45411.97933333334,31267.76233333333
2016-02-29,81895.09,10.74906422248616,7.588335779286437,3448.240075470317,15694.01873744826,76580.578,70006.67488888888,45799.27544444444,30781.30255555555
2016-03-31,83385.37,1.819742795325085,13.203454152838434,3210.190446395271,15376.389968001322,76487.66100000001,70512.66211111112,46194.40911111111,30293.25188888889
2016-04-29,82561.75,-0.987727223612478,9.85535751732154,3294.6181285746197,15059.923372668782,76537.76833333333,70994.64466666666,46585.44983333334,29952.318499999987
2016-05-31,84313.58,2.1218421363403683,10.34090239871015,3536.8662417844685,14689.030306577097,76682.24233333333,71516.93722222222,46982.864055555554,29699.37827777777
2016-06-30,85870.96,1.847128303649304,13.9060380535033,3907.977143193724,14369.405011223638,77019.94733333333,72029.37166666667,47389.37005555556,29630.577277777767
2016-07-29,89833.65,4.614703271047604,24.97782752758881,4555.341895943524,14128.349543937891,77436.17266666665,72561.07388888889,47818.39077777778,29617.781888888872
2016-08-31,89726.1,-0.1197212848414674,23.35354762378408,5047.54742089806,13966.61799550086,77733.70999999999,73041.17533333333,48245.56055555556,29488.149444444432
2016-09-30,88463.36,-1.4073274108648448,18.79954969079851,5377.667405604631,13788.849743189185,77968.11533333334,73497.59833333333,48662.01122222222,29306.10411111111
2016-10-31,84503.24,-4.476565212987604,12.062606248185691,5508.385653023318,13488.49752976262,78170.69433333333,73940.498,49055.96805555555,29114.72627777778
2016-11-30,83650.74,-1.0088370576086805,16.476430475255842,5584.954754127872,13171.053459238676,78416.48266666666,74368.68788888888,49447.06077777778,28969.421888888886
2016-12-30,78062.37,-6.680598402357241,9.729210698990109,5572.787622141679,12803.196535213276,78471.11866666666,74734.05277777778,49807.36955555555,28663.74911111111
2017-01-31,81175.69,3.9882468339098582,9.776199099538552,5594.532455994468,12428.772209444089,78552.08666666667,75132.97955555556,50182.762444444445,28369.324222222225
2017-02-28,82669.05,1.8396640669146256,0.9450627626149676,5644.705095848276,12055.21380830102,78677.59866666669,75541.75222222222,50562.10961111111,28115.489055555576
2017-03-31,81034.75,-1.976918810606876,-2.8189837138097418,5626.664935494119,11711.25095526675,78863.73700000001,75906.21722222221,50932.68883333333,27931.048166666675
2017-04-28,81732.05,0.860495034537645,-1.0049447837527592,5601.7785982530095,11362.352325818603,79087.69633333334,76272.86088888888,51304.492000000006,27783.20433333333
2017-05-31,80234.63,-1.8321087015436444,-4.837832766678862,5466.617711790355,11083.44512618202,79343.82599999999,76580.831,51664.64438888889,27679.181611111097
2017-06-30,81241.92,1.2554304793329196,-5.390693198259355,5425.130009856813,10802.093654596829,79538.61999999998,76895.75022222221,52028.65577777777,27509.96422222221
2017-07-31,79657.48,-1.9502739472429973,-11.327793093122674,5413.719210115285,10456.019879104806,79604.67466666666,77210.47111111111,52386.32488888889,27218.349777777767
2017-08-31,82050.1,3.0036350635245013,-8.554924375404704,5390.283013982169,10079.932079629149,79802.38033333332,77558.19933333332,52758.41177777777,27043.968555555548
2017-09-29,84770.16,3.315120883460221,-4.17483577381641,5335.08707322071,9690.53736011525,80172.72766666667,77937.35166666665,53143.48422222222,27029.24344444445
2017-10-31,83256.55,-1.7855457628014435,-1.4753162127274622,5277.066770892266,9274.145843040347,80442.78066666666,78294.518,53520.96733333334,26921.81333333332
2017-11-30,83178.76,-0.0934340901706964,-0.564226927341005,5243.343283655506,8959.83290020881,80668.34266666668,78603.45744444444,53897.538,26770.80466666668
2017-12-29,81085.34,-2.516772310623528,3.872506048689029,5147.787140013635,8673.979279277266,80858.26933333333,78866.35888888889,54259.244222222216,26599.025111111117
2018-01-31,84755.57,4.526379244386236,4.410039508133545,4904.393083001989,8341.561123500713,81287.46600000001,79187.30677777778,54635.10400000001,26652.36200000001
2018-02-28,85846.41,1.2870422557479166,3.843469835446278,4695.997663528176,8015.887567579441,81724.38066666666,79511.96922222222,55016.81050000001,26707.570166666657
2018-03-30,86150.64,0.3543887274960022,6.3132051373022025,4555.6007723867415,7725.23266684348,82113.92233333334,79819.52922222222,55405.29816666668,26708.62416666666
2018-04-30,87728.03,1.8309672452810453,7.3361429206779905,4484.9518962989405,7463.184056451415,82524.61766666666,80131.83366666666,55806.307888888885,26718.309777777773
2018-05-31,88004.69,0.3153610083345137,9.684172532483792,4110.495664314904,7243.671073677846,83064.18266666667,80424.66622222222,56202.16611111111,26862.016555555565
2018-06-29,86895.57,-1.2602964682904894,6.959030510357223,3494.975539567828,7025.470490115202,83589.33766666666,80692.98300000001,56592.4505,26996.88716666666
2018-07-31,85054.39,-2.1188421918401645,6.775145284535755,2990.101986652446,6739.1308686128805,83959.59966666668,80953.34255555556,56974.85705555556,26984.742611111116
2018-08-31,83644.56,-1.6575628841732917,1.943276120321591,2965.407543924432,6445.6356190418965,84017.91533333334,81190.1021111111,57347.77311111111,26670.142222222225
2018-09-28,86497.2,3.410430995153768,2.037320679824117,2996.7774136391627,6204.678066023416,84121.643,81439.53855555555,57731.84083333333,26389.80216666667
2018-10-31,89478.95,3.447221412947465,7.473766328294884,3135.5147044866226,6022.802010476406,84352.21633333334,81706.68988888888,58133.43233333334,26218.784000000007
2018-11-30,87570.86,-2.1324456757706667,5.280314349480575,3190.05260605712,5871.468972641676,84460.79233333333,81925.1218888889,58521.3033888889,25939.488944444434
2018-12-31,88541.98,1.1089533664508933,9.1960396293584,3267.110616224207,5736.100069844882,84549.82633333333,82147.3751111111,58910.21411111111,25639.612222222226
2019-01-31,91389.44,3.215943442873104,7.8270608055612145,3364.7625391375914,5666.110113170523,84601.686,82386.72922222222,59313.53605555556,25288.14994444444
2019-02-28,93948.4,2.800060926076342,9.43777381022688,3661.7047310140615,5787.614271441363,84742.42933333333,82545.69966666667,59733.69055555555,25008.738777777784
2019-03-29,90434.94,-3.739776302736386,4.973033282167139,3747.4779855696784,5844.176595021511,84808.14866666666,82613.25188888889,60134.536,24673.61266666666
2019-04-30,89277.27,-1.2801136374945288,1.7659578130273743,3834.437918765952,5885.864921851041,84967.283,82693.468,60532.08911111112,24435.19388888888
2019-05-31,89646.72,0.4138231377370793,1.8658437408278996,3918.787475476857,5901.803844629535,85167.149,82708.26011111111,60933.70088888889,24233.44811111112
2019-06-28,94321.65,5.21483663875264,8.54598226353771,4025.200048331512,6014.93319320153,85709.125,82795.42311111111,61358.49327777777,24350.631722222228
2019-07-31,97152.74,3.001527220950884,14.224251093917673,4440.255692864556,6199.982429979475,86241.69333333334,82935.05500000001,61796.38383333333,24445.30950000001
2019-08-30,106666.74,9.792827253250902,27.523822230638807,5744.510707211904,6680.216418587873,87041.61633333332,83167.68477777777,62285.87227777777,24755.74405555555
2019-09-30,107843.58,1.103286741490361,24.678694801681456,6771.300572208935,7168.130730321026,87935.24399999999,83428.64422222222,62781.26511111111,25153.97888888888
2019-10-31,106159.22,-1.5618546787857013,18.64155759538977,7435.722172820879,7555.53426046536,88749.48300000001,83658.22033333333,63264.12555555556,25485.35744444445
2019-11-29,105094.53,-1.002918069669312,20.010846073682508,7828.917032013289,7881.5436438290735,89578.14633333334,83865.47944444444,63737.84638888889,25840.29994444445
2019-12-31,105015.03,-0.0756461825368037,18.60479063151739,8152.4955578853105,8170.588883712805,90370.58333333331,84037.93022222222,64213.19188888888,26157.391444444445
2020-01-31,111219.94,5.908592322451378,21.69889650270316,8737.850925635663,8648.043061333483,91422.66533333337,84292.34977777777,64727.96905555556,26694.696277777795
2020-02-28,114267.75,2.740344941743356,21.628202289767582,9493.38209650282,9187.790962968447,92496.587,84559.37833333333,65260.02000000001,27236.567000000003
2020-03-31,118723.79,3.8996479759161984,31.280885463074327,10510.003459135423,9810.569186854224,93628.37466666668,84823.56722222222,65814.16938888888,27814.205277777783
2020-04-30,128204.48,7.98550147363053,43.60259895939917,12068.67338558462,10794.507392837852,95126.639,85216.98277777777,66422.11627777778,28704.52272222223
2020-05-29,129888.14,1.3132614398498443,44.88889275592012,13412.318117404404,11740.574830108548,96683.61833333332,85611.46177777779,67041.81372222223,29641.804611111103
2020-06-30,131184.07,0.9977277371128856,39.0816106376426,14479.62916411366,12668.846559351145,98353.57600000002,86044.65933333334,67666.38344444444,30687.19255555558
2020-07-31,138099.11,5.271249779031839,42.14638722489965,15952.603028636564,13799.824389311914,100131.694,86572.99855555556,68331.00033333333,31800.69366666666
2020-08-31,146949.5,6.408723416103124,37.76506153652019,17853.296283812342,15196.766334641976,102168.46366666668,87231.78655555556,69041.26844444445,33127.19522222223
2020-09-30,141300.83,-3.843953194805028,31.02386808746518,18952.61977674909,16230.075083031676,104006.80333333332,87837.96744444445,69715.0105,34291.792833333326
2020-10-30,139793.08,-1.0670496415343125,31.68246714698919,19776.46829723412,17109.533795997875,105742.305,88494.57944444445,70374.57811111111,35367.726888888894
2020-11-30,138286.34,-1.0778358986009873,31.58281406273,20281.4958086569,17856.197587582083,107418.36,89166.94955555556,71021.79066666667,36396.56933333333
2020-12-31,136718.8,-1.1335465238287543,30.18974522027942,20281.4958086569,18507.21439387158,109079.13433333332,89815.20233333333,71651.76283333333,37427.3715
2021-01-29,136506.66,-0.1551652003967119,22.73577921369137,20281.4958086569,19096.72691537106,110794.21,90477.85044444444,72274.66822222222,38519.54177777778
2021-02-26,131656.62,-3.552969503465986,15.217653274874143,20281.4958086569,19573.222969279333,112394.612,90997.70177777778,72869.42883333334,39525.18316666667
2021-03-31,125113.75,-4.969647557411083,5.382206885410246,19919.21731971605,19893.158769099467,113681.83033333332,91430.37811111112,73426.78894444444,40255.04138888889
2021-04-30,131458.7,5.07134507598086,2.5383044336672267,19632.815338470024,20303.076726746414,115081.15533333331,91990.38,74004.65833333334,41076.49699999999
2021-05-31,135648.23,3.1869552947047186,4.434654311009467,19268.623890881507,20775.53605691598,116683.73433333333,92608.923,74588.11444444444,42095.61988888889
2021-06-30,134982.47,-0.490798884732968,2.895473512904423,18789.31362255214,21169.83010338124,118231.75066666667,93267.17477777778,75185.49138888888,43046.25927777779
2021-07-30,134706.22,-0.2046562046167932,-2.456851459795784,18313.80165687706,21545.24226097414,119675.64333333333,93904.50066666664,75770.25438888889,43905.38894444444
2021-08-31,132272.79,-1.8064718912014557,-9.987587572601464,17786.37896929511,21874.137705696223,120953.123,94476.42077777776,76341.58933333334,44611.533666666655
2021-09-30,130853.33,-1.0731307625702955,-7.393799456096605,16903.889328379606,22161.43412534201,122300.40266666668,95025.55555555556,76915.3243888889,45385.07827777778
2021-10-29,133201.1,1.7941996585031594,-4.715526691306882,15811.92323452494,22450.690322784165,123764.53033333334,95634.16922222223,77507.40761111112,46257.12272222222
2021-11-30,135577.38,1.7839792614325225,-1.9589498138427808,14569.320812551352,22744.470180941684,125295.55233333333,96293.06133333332,78104.241,47191.31133333333
2021-12-31,134868.71,-0.5227051887269241,-1.3532081908267155,13433.29464474916,23003.6614079714,126647.121,96942.4548888889,78697.31505555556,47949.80594444444
2022-01-31,135171.67,0.2246332748344848,-0.9779669358256916,12300.430142701376,23269.549278953466,127914.41866666664,97569.39955555556,79292.91638888889,48621.50227777776
2022-02-28,139170.43,2.958282604631557,5.70712661467383,11785.04967993248,23591.29571470917,128997.875,98239.03,79903.01044444444,49094.86455555556
2022-03-31,148441.5,6.661666562358115,18.64523283811732,11601.642474947304,24049.261448592424,130351.139,99050.04,80567.758,49783.381
2022-04-29,147318.33,-0.7566415052394415,12.064344162843522,11063.317272425424,24441.775175352028,131723.10933333333,99853.42955555556,81227.22894444443,50495.880388888894
2022-05-31,142941.44,-2.9710423679117137,5.376561124313972,10031.90789108896,24683.324478875136,132984.673,100635.54844444444,81870.01072222221,51114.6622777778
2022-06-30,143295.99,0.2480386373608478,6.158962715677063,8697.42470980647,24939.585434859662,134260.70500000002,101389.96944444445,82517.59216666667,51743.11283333335
2022-07-29,138158.66,-3.585117769171342,2.562940300752259,7551.748098886404,25107.72528675101,135158.6623333333,102062.00077777778,83135.76283333334,52022.89949999997
2022-08-31,140407.86,1.6279833634750052,6.150221825667979,6491.865185779249,25275.30423792296,136029.9993333333,102776.32222222222,83764.87177777778,52265.12755555553
2022-09-30,135064.6,-3.8055276962414952,3.218313206091139,5616.206453089772,25309.258382825188,136574.693,103458.59844444443,84355.7038888889,52218.98911111111
2022-10-31,137027.73,1.4534748557357036,2.8728216208424806,5389.201394020312,25372.055422882288,136868.8013333333,104146.07366666663,84951.32161111111,51917.4797222222
2022-11-30,140948.01,2.860939169028054,3.961302394248945,5272.224589392828,25491.10614557803,137237.46366666668,104863.14155555556,85557.59994444443,51679.863722222246
2022-12-30,148133.82,5.098198974217505,9.835572683982829,5504.245228304899,25698.473728246645,137802.45533333332,105671.43355555554,86204.4976111111,51597.95772222221
2023-01-31,155143.79,4.732187423506673,14.775374159393008,6350.548706366867,25965.670187686734,138370.61133333333,106596.59044444445,86871.85572222223,51498.755611111104
2023-02-28,153245.73,-1.2234198996943446,10.113714529731643,6736.1735910263615,26172.078656345144,138580.48566666667,107491.11,87519.4963888889,51060.98927777777
2023-03-31,157347.7,2.67672711011262,5.999804636843487,7547.846608001328,26453.60606484174,139115.38133333332,108412.03566666668,88176.57983333332,50938.8015
2023-04-28,163940.8,4.190147043776293,11.283368471526934,8805.43468789117,26855.55049660905,139920.30533333335,109395.74266666666,88885.02572222223,51035.27961111112
2023-05-31,163859.52,-0.0495788723734458,14.634020757031683,9821.073915705172,27159.2679996481,140772.74466666667,110418.42911111112,89587.20394444445,51185.54072222221
2023-06-30,159632.66,-2.579563274687968,11.400647010429266,10370.567989895051,27322.66800817225,141536.54,111401.67066666669,90262.0918888889,51274.44811111111
2023-07-31,160111.97,0.3002581050769892,15.889926842081415,10859.740504227044,27504.508331825306,142323.38366666666,112359.06444444443,90928.16588888888,51395.21777777777
2023-08-31,159014.43,-0.6854827905746208,13.25180086072104,11079.567721146108,27745.00812462557,143235.3106666667,113215.94599999998,91611.31044444445,51624.00022222224
2023-09-29,159200.98,0.1173163970087598,17.870248755040173,10903.539655732246,27979.085426403904,144371.55166666667,114058.34166666666,92285.50188888887,52086.04977777778
2023-10-31,159152.81,-0.0302573514308845,16.146425252757226,10944.856351080723,28174.43589637768,145294.68866666668,114909.35344444444,92951.99905555556,52342.68961111113
2023-11-30,165308.6,3.867848767483273,17.28338697367915,11374.63062367689,28478.09886926273,146283.3676666667,115809.29811111111,93663.11766666666,52620.25000000003
2023-12-29,168959.24,2.20837875343447,14.058518169584763,11890.431728883988,28841.11709270622,147415.9266666667,116732.5012222222,94380.93644444444,53034.99022222224
2024-01-31,169014.34,0.0326114156290024,8.94044808367771,12269.683055202528,29216.60171026733,148559.53066666666,117612.28666666668,95086.6802777778,53472.85038888887
2024-02-29,167816.23,-0.7088806784086965,9.50793212965868,12358.523359811636,29536.934369425573,149744.31199999998,118479.95477777778,95760.56505555552,53983.74694444444
2024-03-29,179167.31,6.763994161947262,13.867129929449227,12945.902663863057,30044.32296928235,151354.778,119487.77644444443,96492.6873888889,54862.090611111096
2024-04-30,194801.19,8.72585517972,18.82410601875799,14729.56733860998,30840.2695700881,153408.11433333333,120713.30922222222,97326.9036111111,56081.21072222223
2024-05-31,196081.39,0.6571828436982452,19.66432588109621,16265.993007645224,31590.09589159824,155424.91466666668,121962.53866666665,98165.61327777778,57259.301388888896
2024-06-28,194136.86,-0.991695336309084,21.614749763613528,17252.54607390125,32142.300310053444,157400.51966666666,123252.25522222224,98993.154,58407.365666666665
2024-07-31,199370.29749456147,3.100019233853901,25.00947930376473,18406.271536919263,32831.65624360924,159566.63533333334,124574.24911111112,99853.61433333332,59713.02100000002
2024-08-30,199370.29749456147,3.429524717676502,30.18913440748743,19919.88637714212,33654.562909250155,161828.2713333333,125955.9208888889,100748.83655555556,61079.434777777744
2024-09-30,199370.29749456147,3.8908796567048265,35.09614702120552,20281.4958086569,34596.9725871632,164049.36766666666,127445.2502222222,101675.73372222224,62373.63394444443
2024-10-31,199370.29749456147,5.092991313377659,42.019553409078966,20281.4958086569,34726.26627810129,166673.02700000003,129048.53977777778,102660.70033333333,64012.326666666704
2024-11-29,199370.29749456147,-1.0683317221030553,35.270264220978206,20281.4958086569,34726.26627810129,169362.09166666667,130641.637,103611.234,65750.85766666666
2024-12-31,199370.29749456147,0.4163078255871699,32.89850262110554,20281.4958086569,34726.26627810129,170624.35303033196,132233.88566666667,103648.08030396231,67505.5507222222
2025-01-31,199370.29749456147,4.141539108318493,38.357425766358055,20281.4958086569,34726.26627810129,170624.35303033196,133947.068,103648.08030396231,68118.8174862462
2025-02-28,199370.29749456147,7.761703758862382,50.16078003897477,20281.4958086569,34726.26627810129,170624.35303033196,135835.33533333332,103648.08030396231,68118.8174862462
2025-03-31,199370.29749456147,2.4184290620068216,44.04885578736432,20281.4958086569,34726.26627810129,170624.35303033196,137041.45371062498,103648.08030396231,68118.8174862462
2025-04-30,199370.29749456147,6.417877033324171,40.991058627516594,20281.4958086569,34726.26627810129,170624.35303033196,137041.45371062498,103648.08030396231,68118.8174862462
