date,iip_durable,iip_nondurable,iip_combined,iip_durable_yoy,iip_nondurable_yoy,iip_combined_yoy,iip_durable_mom,iip_nondurable_mom,iip_combined_mom,iip_durable_3m_avg,iip_durable_6m_avg,iip_nondurable_3m_avg,iip_nondurable_6m_avg,iip_combined_3m_avg,iip_combined_6m_avg
2012-04-01,2.0,-3.0,-0.5,100.0,-380.0,-1340.0,154.99999999999997,-93.33333333333331,-590.0,4.0,3.75,0.5666666666666668,1.2333333333333334,2.283333333333333,2.4916666666666667
2012-05-01,5.1,-0.2,2.45,100.0,-380.0,-1340.0,154.99999999999997,-93.33333333333331,-590.0,4.0,3.75,0.5666666666666668,1.2333333333333334,2.283333333333333,2.4916666666666667
2012-06-01,4.9,4.9,4.9,100.0,-380.0,-1340.0,-3.9215686274509673,-2550.0,100.00000000000004,4.0,3.75,0.5666666666666668,1.2333333333333334,2.283333333333333,2.4916666666666667
2012-07-01,2.2,3.7,2.95,100.0,-380.0,-1340.0,-55.10204081632652,-24.489795918367356,-39.795918367346935,4.066666666666666,3.75,2.8000000000000003,1.2333333333333334,3.4333333333333336,2.4916666666666667
2012-08-01,1.1,3.8,2.45,100.0,-380.0,-1340.0,-50.0,2.7027027027026973,-16.94915254237288,2.733333333333334,3.75,4.133333333333333,1.2333333333333334,3.4333333333333336,2.4916666666666667
2012-09-01,7.2,-1.8,2.7,100.0,-380.0,-1340.0,554.5454545454545,-147.3684210526316,10.20408163265305,3.5,3.75,1.9,1.2333333333333334,2.7000000000000006,2.4916666666666667
2012-10-01,15.1,2.4,8.75,100.0,-380.0,-1340.0,109.72222222222224,-233.3333333333333,224.07407407407405,7.8,5.933333333333334,1.4666666666666666,2.1333333333333333,4.633333333333334,4.033333333333333
2012-11-01,-5.8,2.6,-1.6,100.0,-380.0,-1340.0,-138.41059602649003,8.333333333333348,-118.28571428571428,5.5,4.116666666666666,1.0666666666666669,2.6,3.2833333333333345,3.358333333333333
2012-12-01,3.6,17.5,10.55,100.0,-380.0,-1340.0,-162.06896551724137,573.0769230769231,-759.3750000000001,4.3,3.9,7.5,4.7,5.900000000000001,4.3
2013-01-01,8.2,13.2,10.7,100.0,-380.0,-1340.0,127.77777777777776,-24.571428571428577,1.42180094786728,2.0,4.9,11.1,6.283333333333334,6.550000000000001,5.591666666666666
2013-02-01,3.3,9.7,6.5,100.0,-380.0,-1340.0,-59.7560975609756,-26.51515151515152,-39.25233644859812,5.033333333333334,5.266666666666667,13.466666666666669,7.266666666666667,9.250000000000002,6.266666666666666
2013-03-01,11.9,20.3,16.1,100.0,-380.0,-1340.0,260.6060606060606,109.27835051546391,147.6923076923077,7.8,6.05,14.4,10.95,11.1,8.5
2013-04-01,4.0,8.4,6.2,100.0,-380.0,-1340.0,-66.38655462184875,-58.62068965517242,-61.49068322981367,6.4,4.2,12.8,11.95,9.6,8.075000000000001
2013-05-01,-2.1,9.0,3.45,-141.1764705882353,-4564.101075217696,40.816326530612265,-152.5,7.14285714285714,-44.354838709677416,4.6,4.816666666666666,12.566666666666668,13.016666666666667,8.583333333333336,8.916666666666666
2013-06-01,-0.3,0.9,0.3,-106.12244897959184,-81.63265306122449,-93.87755102040816,-85.71428571428572,-90.0,-91.30434782608695,0.5333333333333333,4.166666666666667,6.1000000000000005,10.25,3.316666666666668,7.208333333333333
2013-07-01,4.7,4.1,4.4,113.63636363636364,10.81081081081079,49.15254237288136,-1666.6666666666667,355.55555555555554,1366.6666666666663,0.7666666666666666,3.583333333333334,4.666666666666667,8.733333333333333,2.716666666666668,6.158333333333332
2013-08-01,4.0,3.0,3.5,263.6363636363636,-21.052631578947366,42.85714285714284,-14.893617021276595,-26.82926829268292,-20.45454545454546,2.8000000000000003,3.7000000000000006,2.6666666666666665,7.616666666666667,2.7333333333333343,5.658333333333332
2013-09-01,8.7,8.1,8.399999999999999,20.833333333333325,-550.0,211.11111111111103,117.5,169.99999999999997,139.99999999999994,5.8,3.1666666666666665,5.066666666666666,5.583333333333333,5.433333333333334,4.374999999999999
2013-10-01,8.2,3.9,6.05,-45.6953642384106,62.5,-30.85714285714286,-5.747126436781613,-51.85185185185185,-27.976190476190467,6.966666666666666,3.8666666666666663,5.0,4.833333333333333,5.983333333333333,4.35
2013-11-01,12.4,-0.2,6.1000000000000005,-313.7931034482759,-107.6923076923077,-481.25,51.21951219512197,-105.12820512820514,0.826446280991755,9.766666666666666,6.283333333333334,3.933333333333333,3.3000000000000003,6.8500000000000005,4.791666666666667
2013-12-01,6.0,1.7,3.85,66.66666666666666,-90.28571428571428,-63.50710900473933,-51.61290322580645,-950.0,-36.88524590163935,8.866666666666667,7.333333333333333,1.8,3.433333333333333,5.333333333333335,5.383333333333333
2014-01-01,7.1,4.2,5.65,-13.414634146341465,-68.18181818181817,-47.19626168224298,18.333333333333336,147.05882352941177,46.75324675324677,8.5,7.733333333333334,1.9,3.4500000000000006,5.2,5.591666666666666
2014-02-01,7.3,1.4,4.35,121.21212121212125,-85.56701030927834,-33.07692307692308,2.8169014084507005,-66.66666666666667,-23.008849557522137,6.8,8.283333333333333,2.433333333333333,3.1833333333333336,4.616666666666667,5.733333333333332
2014-03-01,7.9,1.0,4.45,-33.61344537815126,-95.07389162561576,-72.36024844720497,8.219178082191792,-28.57142857142857,2.298850574712663,7.433333333333334,8.15,2.2,2.0,4.816666666666667,5.074999999999999
2014-04-01,2.2,2.0,2.1,-44.99999999999999,-76.19047619047619,-66.12903225806451,-72.15189873417722,100.0,-52.80898876404494,5.8,7.150000000000001,1.466666666666666,1.6833333333333331,3.633333333333334,4.416666666666666
2014-05-01,11.2,1.8,6.5,-633.3333333333333,-80.0,88.40579710144927,409.090909090909,-9.999999999999998,209.5238095238095,7.099999999999999,6.949999999999999,1.5999999999999996,2.0166666666666666,4.3500000000000005,4.483333333333333
2014-06-01,3.5,3.9,3.7,-1266.6666666666667,333.3333333333333,1133.3333333333333,-68.75,116.66666666666666,-43.07692307692308,5.633333333333333,6.533333333333332,2.5666666666666664,2.3833333333333333,4.1000000000000005,4.458333333333333
2014-07-01,7.8,6.9,7.35,65.95744680851064,68.29268292682929,67.04545454545452,122.85714285714286,76.92307692307693,98.64864864864865,7.5,6.65,4.2,2.833333333333333,5.8500000000000005,4.741666666666666
2014-08-01,6.9,1.6,4.25,72.50000000000001,-46.66666666666666,21.42857142857142,-11.538461538461531,-76.81159420289855,-42.17687074829932,6.066666666666666,6.583333333333333,4.133333333333333,2.8666666666666667,5.1000000000000005,4.725
2014-09-01,8.5,1.9,5.2,-2.298850574712641,-76.54320987654322,-38.09523809523808,23.18840579710144,18.74999999999998,22.3529411764706,7.733333333333333,6.683333333333334,3.466666666666667,3.016666666666667,5.600000000000001,4.85
2014-10-01,-12.1,-5.7,-8.9,-247.5609756097561,-246.15384615384616,-247.10743801652893,-242.3529411764706,-400.0,-271.1538461538462,1.0999999999999996,4.3,-0.7333333333333337,1.7333333333333332,0.1833333333333335,3.0166666666666657
2014-11-01,9.5,8.2,8.85,-23.38709677419355,-4199.999999999999,45.08196721311472,-178.51239669421489,-243.859649122807,-199.438202247191,1.9666666666666663,4.016666666666667,1.466666666666666,2.7999999999999994,1.716666666666667,3.4083333333333328
2014-12-01,6.5,4.5,5.5,8.333333333333325,164.70588235294116,42.85714285714286,-31.57894736842105,-45.12195121951219,-37.85310734463276,1.2999999999999998,4.516666666666667,2.3333333333333326,2.9,1.816666666666667,3.7083333333333326
2015-01-01,-0.3,3.5,1.6,-104.22535211267603,-16.666666666666675,-71.68141592920354,-104.61538461538464,-22.22222222222222,-70.9090909090909,5.233333333333333,3.1666666666666665,5.4,2.333333333333333,5.316666666666667,2.75
2015-02-01,2.3,9.6,5.949999999999999,-68.49315068493152,585.7142857142858,36.7816091954023,-866.6666666666666,174.28571428571428,271.87499999999994,2.8333333333333326,2.4000000000000004,5.866666666666667,3.6666666666666665,4.3500000000000005,3.0333333333333328
2015-03-01,4.6,7.6,6.1,-41.77215189873419,660.0,37.07865168539324,100.0,-20.833333333333336,2.521008403361358,2.1999999999999997,1.7500000000000002,6.9,4.616666666666666,4.55,3.183333333333332
2015-04-01,1.8,5.7,3.75,-18.181818181818187,185.0,78.57142857142856,-60.86956521739131,-24.99999999999999,-38.52459016393443,2.899999999999999,4.066666666666667,7.633333333333333,6.516666666666667,5.266666666666667,5.291666666666665
2015-05-01,-1.1,4.2,1.55,-109.82142857142858,133.33333333333334,-76.15384615384615,-161.11111111111111,-26.315789473684216,-58.66666666666666,1.766666666666666,2.3000000000000003,5.833333333333333,5.8500000000000005,3.8000000000000007,4.074999999999999
2015-06-01,7.7,-0.1,3.8,120.0,-102.56410256410255,2.7027027027026973,-800.0,-102.38095238095238,145.16129032258064,2.7999999999999994,2.5000000000000004,3.266666666666667,5.083333333333333,3.0333333333333337,3.791666666666666
2015-07-01,3.8,-6.6,-1.4,-51.28205128205128,-195.65217391304347,-119.04761904761904,-50.64935064935065,3329.331763459107,-136.84210526315786,3.4666666666666663,3.1833333333333336,-0.833333333333333,3.4,1.3166666666666675,3.2916666666666656
2015-08-01,1.8,1.5,1.65,-73.91304347826086,-6.25,-61.1764705882353,-52.63157894736842,-122.72727272727272,-217.8571428571429,4.433333333333333,3.1,-1.7333333333333332,2.0500000000000003,1.3500000000000008,2.5749999999999997
2015-09-01,-2.8,1.6,-0.5999999999999999,-132.94117647058823,-15.78947368421052,-111.53846153846156,-255.55555555555557,6.666666666666665,-136.36363636363637,0.9333333333333328,1.8666666666666671,-1.1666666666666663,1.05,-0.1166666666666658,1.4583333333333328
2015-10-01,17.7,15.3,16.5,-246.2809917355372,-368.42105263157896,-285.39325842696627,-732.1428571428571,856.25,-1767.3040125990651,5.5666666666666655,4.516666666666667,6.133333333333334,2.6500000000000004,5.8500000000000005,3.5833333333333326
2015-11-01,-4.5,5.3,0.3999999999999999,-147.36842105263156,-35.36585365853659,-95.48022598870055,-125.42372881355932,-65.359477124183,-97.57575757575758,3.4666666666666663,3.9500000000000006,7.399999999999999,2.833333333333334,5.433333333333334,3.3916666666666657
2015-12-01,5.2,5.4,5.300000000000001,-20.0,20.000000000000018,-3.6363636363636265,-215.5555555555556,1.8867924528301885,1225.0000000000005,6.133333333333333,3.533333333333333,8.666666666666666,3.75,7.400000000000001,3.6416666666666657
2016-01-01,3.1,3.5,3.3,-1133.3333333333337,0.0,106.24999999999996,-40.38461538461539,-35.18518518518518,-37.73584905660379,1.2666666666666668,3.4166666666666674,4.733333333333333,5.433333333333334,3.0000000000000013,4.425
2016-02-01,6.7,1.4,4.05,191.304347826087,-85.41666666666666,-31.93277310924369,116.1290322580645,-60.00000000000001,22.72727272727273,5.0,4.233333333333333,3.433333333333333,5.416666666666667,4.216666666666668,4.824999999999999
2016-03-01,2.2,-3.7,-0.75,-52.17391304347825,-148.6842105263158,-112.29508196721312,-67.16417910447761,-364.28571428571433,-118.5185185185185,4.000000000000001,5.066666666666667,0.3999999999999999,4.533333333333333,2.2000000000000006,4.8
2016-04-01,9.3,0.2,4.75,416.6666666666667,-96.49122807017544,26.66666666666666,322.72727272727275,-105.4054054054054,-733.3333333333333,6.066666666666667,3.6666666666666674,-0.7000000000000001,2.0166666666666666,2.6833333333333336,2.8416666666666663
2016-05-01,9.9,11.3,10.6,-1000.0,169.0476190476191,583.8709677419356,6.451612903225801,3329.331763459107,123.15789473684214,7.133333333333334,6.066666666666667,2.6,3.016666666666667,4.866666666666667,4.541666666666667
2016-06-01,4.5,11.4,7.95,-41.55844155844156,-4564.101075217696,109.21052631578948,-54.54545454545454,0.8849557522123908,-25.00000000000001,7.900000000000001,5.95,7.633333333333333,4.016666666666667,7.766666666666667,4.9833333333333325
2016-07-01,0.2,14.5,7.35,-94.73684210526316,-319.69696969696975,-625.0,-95.55555555555556,27.192982456140346,-7.547169811320764,4.866666666666667,5.466666666666668,12.4,5.8500000000000005,8.633333333333335,5.658333333333332
2016-08-01,7.3,11.3,9.3,305.55555555555554,653.3333333333334,463.6363636363637,2271.9785106313107,-22.06896551724138,26.530612244897966,4.000000000000001,5.566666666666667,12.4,7.5,8.200000000000001,6.533333333333334
2016-09-01,10.3,12.7,11.5,-467.8571428571429,693.7499999999999,-2016.6666666666672,41.09589041095892,12.389380530973447,23.655913978494624,5.933333333333335,6.916666666666668,12.833333333333334,10.233333333333333,9.383333333333336,8.575000000000001
2016-10-01,1.5,5.6,3.55,-91.52542372881356,-63.39869281045751,-78.48484848484848,-85.4368932038835,-55.90551181102362,-69.1304347826087,6.366666666666667,5.616666666666667,9.866666666666667,11.133333333333333,8.116666666666667,8.375
2016-11-01,6.8,3.3,5.05,-251.11111111111111,-37.735849056603776,1162.5000000000002,353.3333333333333,-41.07142857142857,42.253521126760575,6.2,5.1000000000000005,7.199999999999999,9.8,6.7,7.449999999999999
2016-12-01,-5.0,-0.2,-2.6,-196.15384615384613,-103.7037037037037,-149.0566037735849,-173.52941176470588,-106.06060606060606,-151.4851485148515,1.1000000000000003,3.516666666666667,2.9,7.866666666666667,2.0,5.6916666666666655
2017-01-01,-2.0,9.6,3.8,-164.51612903225805,174.28571428571428,15.15151515151516,-60.0,-3330.005783200741,-246.15384615384616,-0.0666666666666661,3.1500000000000004,4.233333333333333,7.05,2.083333333333333,5.1
2017-02-01,-4.6,10.4,2.9000000000000004,-168.65671641791045,642.857142857143,-28.395061728395056,129.99999999999997,8.333333333333348,-23.684210526315773,-3.866666666666666,1.1666666666666674,6.599999999999999,6.9,1.3666666666666665,4.033333333333332
2017-03-01,-0.6,7.5,3.45,-127.27272727272728,-302.70270270270265,-560.0,-86.95652173913044,-27.884615384615387,18.96551724137929,-2.399999999999999,-0.6499999999999994,9.166666666666666,6.033333333333334,3.3833333333333333,2.691666666666666
2017-04-01,-0.7,8.8,4.050000000000001,-107.5268817204301,4178.210154331836,-14.736842105263149,16.666666666666675,17.333333333333336,17.391304347826097,-1.966666666666666,-1.0166666666666662,8.9,6.566666666666666,3.4666666666666672,2.775
2017-05-01,0.6,9.7,5.15,-93.93939393939394,-14.15929203539824,-51.415094339622655,-185.7142857142857,10.227272727272709,27.160493827160455,-0.2333333333333327,-2.0499999999999994,8.666666666666666,7.633333333333333,4.216666666666668,2.791666666666666
2017-06-01,-3.5,4.8,0.6499999999999999,-177.77777777777777,-57.89473684210527,-91.8238993710692,-683.3333333333334,-50.51546391752577,-87.37864077669903,-1.1999999999999995,-1.7999999999999992,7.766666666666667,8.466666666666667,3.283333333333333,3.333333333333333
2017-07-01,-2.4,4.1,0.8499999999999999,-1299.9999999999998,-71.72413793103449,-88.43537414965986,-31.428571428571427,-14.583333333333336,30.76923076923077,-1.7666666666666664,-1.866666666666666,6.199999999999999,7.550000000000001,2.2166666666666663,2.8416666666666663
2017-08-01,4.3,7.2,5.75,-41.0958904109589,-36.283185840707965,-38.17204301075269,-279.1666666666667,75.609756097561,576.4705882352941,-0.5333333333333327,-0.3833333333333326,5.366666666666667,7.016666666666667,2.4166666666666665,3.3166666666666664
2017-09-01,-4.1,10.5,3.2,-139.80582524271844,-17.322834645669282,-72.17391304347827,-195.3488372093023,45.83333333333333,-44.34782608695652,-0.7333333333333325,-0.966666666666666,7.266666666666666,7.516666666666666,3.266666666666667,3.275
2017-10-01,-9.0,8.2,-0.4000000000000003,-700.0,46.428571428571416,-111.26760563380284,119.51219512195124,-21.90476190476192,-112.5,-2.933333333333332,-2.349999999999999,8.633333333333333,7.416666666666667,2.85,2.5333333333333328
2017-11-01,3.1,23.7,13.4,-54.41176470588235,618.1818181818181,165.34653465346537,-134.44444444444446,189.02439024390247,-1767.3040125990651,-3.3333333333333326,-1.9333333333333325,14.133333333333333,9.749999999999998,5.4,3.9083333333333328
2017-12-01,2.1,16.8,9.45,-142.0,-4564.101075217696,-463.4615384615385,-32.258064516129025,-29.11392405063291,-29.477611940298495,-1.2666666666666655,-0.999999999999999,16.233333333333334,11.75,7.483333333333334,5.375
2018-01-01,7.6,10.7,9.15,-480.0,11.458333333333323,140.7894736842105,261.90476190476187,-36.30952380952381,-3.1746031746031966,4.266666666666668,0.6666666666666675,17.066666666666666,12.85,10.666666666666666,6.758333333333333
2018-02-01,7.5,7.4,7.45,-263.0434782608696,-28.846153846153843,156.8965517241379,-1.3157894736842035,-30.84112149532709,-18.579234972677583,5.733333333333334,1.2000000000000008,11.633333333333333,12.883333333333333,8.683333333333334,7.041666666666667
2018-03-01,6.2,14.1,10.15,-1133.3333333333337,87.99999999999999,194.20289855072463,-17.333333333333336,90.54054054054052,36.24161073825503,7.1000000000000005,2.9166666666666674,10.733333333333334,13.483333333333334,8.916666666666666,8.2
2018-04-01,3.9,7.5,5.7,-657.1428571428572,-14.772727272727282,40.74074074074072,-37.096774193548384,-46.80851063829788,-43.84236453201971,5.866666666666668,5.066666666666667,9.666666666666666,13.366666666666664,7.766666666666667,9.216666666666669
2018-05-01,6.7,-1.6,2.55,1016.6666666666669,-116.49484536082475,-50.48543689320388,71.79487179487181,-121.33333333333334,-55.26315789473685,5.600000000000001,5.666666666666667,6.666666666666667,9.15,6.133333333333333,7.408333333333332
2018-06-01,13.6,0.2,6.9,-488.5714285714286,-95.83333333333334,961.5384615384615,102.98507462686568,-112.5,170.58823529411765,8.066666666666668,7.583333333333335,2.033333333333333,6.383333333333333,5.05,6.983333333333333
2018-07-01,14.1,5.3,9.7,-687.5,29.268292682926838,1041.1764705882354,3.6764705882353033,2549.9999999999995,40.57971014492754,11.466666666666669,8.666666666666666,1.2999999999999998,5.483333333333333,6.383333333333333,7.075
2018-08-01,5.5,6.5,6.0,27.906976744186053,-9.72222222222222,4.347826086956519,-60.99290780141844,22.64150943396226,-38.144329896907216,11.066666666666668,8.333333333333334,4.0,5.333333333333333,7.533333333333332,6.833333333333333
2018-09-01,5.4,6.4,5.9,-231.7073170731708,-39.04761904761904,84.375,-1.818181818181808,-1.538461538461533,-1.6666666666666607,8.333333333333334,8.200000000000001,6.066666666666666,4.05,7.2,6.124999999999999
2018-10-01,17.4,8.6,13.0,-293.3333333333333,4.878048780487809,-2099.3289832474734,222.2222222222222,34.37499999999998,120.33898305084745,9.433333333333335,10.45,7.166666666666667,4.233333333333333,8.299999999999999,7.341666666666666
2018-11-01,-3.0,-0.3,-1.65,-196.7741935483871,-101.26582278481013,-112.31343283582088,-117.24137931034484,-103.48837209302326,-112.6923076923077,6.600000000000001,8.833333333333334,4.9,4.45,5.75,6.641666666666667
2018-12-01,4.1,6.5,5.3,95.2380952380952,-61.30952380952381,-43.91534391534392,-236.66666666666663,-2266.666666666667,-421.2121212121213,6.166666666666668,7.250000000000001,4.933333333333334,5.5,5.55,6.374999999999999
2019-01-01,2.5,3.8,3.15,-67.10526315789474,-64.48598130841121,-65.57377049180327,-39.02439024390243,-41.53846153846155,-40.56603773584906,1.2000000000000015,5.316666666666667,3.333333333333333,5.25,2.266666666666667,5.283333333333332
2019-02-01,0.9,5.0,2.95,-88.0,-32.432432432432435,-60.40268456375839,-64.0,31.578947368421066,-6.349206349206337,2.5000000000000018,4.550000000000001,5.1000000000000005,5.0,3.8,4.775
2019-03-01,-3.2,1.4,-0.9000000000000001,-151.61290322580646,-90.0709219858156,-108.86699507389164,-455.55555555555554,-72.0,-130.5084745762712,0.0666666666666683,3.116666666666668,3.4000000000000004,4.166666666666666,1.7333333333333334,3.641666666666666
2019-04-01,2.2,5.4,3.8,-43.58974358974358,-27.999999999999996,-33.33333333333333,-168.75,285.7142857142858,-522.2222222222223,-0.0333333333333315,0.5833333333333345,3.9333333333333336,3.633333333333333,1.95,2.108333333333333
2019-05-01,0.2,8.1,4.15,-97.01492537313432,-606.2499999999999,62.74509803921568,-90.9090909090909,49.99999999999998,9.210526315789448,-0.2666666666666649,1.1166666666666678,4.966666666666667,5.033333333333334,2.35,3.0749999999999997
2019-06-01,-10.2,7.4,-1.3999999999999997,-175.0,3600.0,-120.28985507246377,-2443.038864160599,-8.64197530864197,-133.73493975903614,-2.599999999999998,-1.2666666666666653,6.966666666666666,5.183333333333334,2.1833333333333336,1.9583333333333328
2019-07-01,-2.4,8.5,3.05,-117.02127659574468,60.377358490566046,-68.55670103092784,-76.47058823529412,14.864864864864868,-317.85714285714295,-4.133333333333331,-2.083333333333332,8.0,5.966666666666666,1.9333333333333331,1.9416666666666655
2019-08-01,-9.7,3.1,-3.3,-276.3636363636364,-52.3076923076923,-154.99999999999997,304.1666666666667,-63.52941176470588,-208.1967213114754,-7.433333333333331,-3.8499999999999983,6.333333333333333,5.65,-0.5499999999999998,0.8999999999999995
2019-09-01,-10.5,-1.1,-5.8,-294.44444444444446,-117.1875,-198.3050847457627,8.247422680412386,-135.48387096774195,75.75757575757575,-7.533333333333331,-5.0666666666666655,3.5,5.233333333333333,-2.0166666666666666,0.0833333333333327
2019-10-01,-18.9,-3.3,-11.1,-208.6206896551724,-138.3720930232558,-185.3846153846154,79.99999999999999,199.99999999999997,91.3793103448276,-13.033333333333331,-8.583333333333332,-0.4333333333333333,3.783333333333333,-6.733333333333333,-2.4000000000000004
2019-11-01,-1.4,1.1,-0.1499999999999999,-53.33333333333334,-466.6666666666667,-90.90909090909092,-92.5925925925926,-133.33333333333334,-98.64864864864865,-10.266666666666664,-8.849999999999998,-1.1,2.6166666666666667,-5.683333333333333,-3.116666666666667
2019-12-01,-5.6,-3.2,-4.4,-236.58536585365857,-149.23076923076923,-183.01886792452837,300.0,-390.9090909090909,1780.3093215346685,-8.633333333333331,-8.083333333333332,-1.8,0.85,-5.216666666666667,-3.616666666666667
2020-01-01,-3.7,-0.6,-2.15,-248.0,-115.78947368421052,-168.25396825396825,-33.928571428571416,-81.25,-51.13636363636365,-3.566666666666664,-8.299999999999999,-0.9,-0.6666666666666666,-2.233333333333334,-4.483333333333334
2020-02-01,-6.2,-0.3,-3.25,-788.8888888888889,-106.0,-210.1694915254237,67.56756756756756,-50.0,51.16279069767442,-5.166666666666664,-7.716666666666665,-1.366666666666667,-1.2333333333333332,-3.266666666666667,-4.4750000000000005
2020-03-01,-36.8,-20.14917522379788,-29.55,1049.9999999999998,-1692.8571428571431,1747.826640216374,493.5483870967741,3329.331763459107,809.2307692307692,-15.566666666666665,-12.1,-7.733333333333334,-4.766666666666667,-11.65,-8.433333333333334
2020-04-01,-47.67372007621364,-20.14917522379788,-29.550651950834006,-4450.0,-990.7407407407406,-1992.1052631578948,160.05434782608697,115.69506726457396,143.3164128595601,-36.43635470578143,-24.899999999999995,-14.468131871832224,-11.236242976734145,-21.6203987793835,-17.11021340047936
2020-05-01,-47.67372007621364,-9.7,-29.550651950834006,-8959.365076330792,-219.7530864197531,-1063.8554216867471,-26.54127481713689,-79.83367983367984,-44.36717663421419,-36.43635470578143,-29.035984104704426,-14.468131871832224,-11.236242976734145,-21.6203987793835,-17.11021340047936
2020-06-01,-34.8,6.9,-13.95,241.17647058823528,-6.756756756756754,896.4285714285717,-50.49786628733997,-171.13402061855672,-65.125,-36.43635470578143,-29.035984104704426,-14.468131871832224,-11.236242976734145,-21.6203987793835,-17.11021340047936
2020-07-01,-23.7,1.8,-10.95,887.5,-78.82352941176471,-459.0163934426229,-31.89655172413792,-73.91304347826086,-21.505376344086024,-36.43635470578143,-29.035984104704426,-0.3333333333333306,-11.236242976734145,-21.6203987793835,-17.11021340047936
2020-08-01,-10.2,-3.0,-6.6,5.154639175257736,-196.7741935483871,100.0,-56.9620253164557,-266.66666666666663,-39.72602739726028,-22.899999999999995,-29.035984104704426,1.9000000000000028,-11.236242976734145,-10.5,-17.11021340047936
2020-09-01,5.3,2.4,3.85,-150.47619047619048,-318.1818181818182,-166.3793103448276,-151.96078431372547,-179.99999999999997,-158.33333333333331,-9.533333333333331,-29.035984104704426,0.4000000000000026,-8.283333333333333,-4.566666666666666,-17.11021340047936
2020-10-01,18.1,7.3,12.7,-195.76719576719577,-321.21212121212125,-214.41441441441444,241.50943396226415,204.16666666666663,229.87012987012992,4.400000000000001,-19.266666666666666,2.233333333333336,0.9500000000000014,3.316666666666667,-9.158333333333337
2020-11-01,-3.2,-0.7,-1.95,128.5714285714286,-163.63636363636363,1200.000000000001,-117.67955801104972,-109.5890410958904,-115.3543307086614,6.733333333333334,-8.083333333333327,3.000000000000002,2.450000000000001,4.866666666666667,-2.8166666666666687
2020-12-01,6.5,1.9,4.2,-216.07142857142856,-159.375,-195.45454545454547,-303.125,-371.4285714285714,-315.38461538461536,7.133333333333334,-1.1999999999999946,2.833333333333336,1.6166666666666678,4.983333333333333,0.2083333333333312
2021-01-01,-0.1,-5.4,-2.75,-97.2972972972973,800.0000000000002,27.906976744186053,-101.53846153846152,-384.2105263157896,-165.47619047619045,1.0666666666666669,2.7333333333333383,-1.3999999999999977,0.4166666666666678,-0.1666666666666666,1.5749999999999975
2021-02-01,6.6,-3.8,1.4,-206.4516129032258,1166.6666666666663,-143.07692307692307,-2443.038864160599,-29.62962962962964,-150.9090909090909,4.333333333333333,5.5333333333333385,-2.433333333333331,0.2833333333333345,0.95,2.908333333333331
2021-03-01,53.52179699929056,26.588918813541472,35.69456220724426,-262.77173913043475,-230.9417040358745,-250.76142131979697,807.5757575757576,-868.421052631579,1780.3093215346685,22.133333333333336,14.633333333333338,6.666666666666669,4.750000000000001,14.4,9.691666666666665
2021-04-01,53.52179699929056,14.7,35.69456220724426,-162.5914315569488,-160.70686070686068,-161.96105702364397,0.0,0.0,0.0,27.250000000000004,15.811904761904767,4.500000000000002,4.083333333333334,15.875,9.947619047619044
2021-05-01,53.52179699929056,0.2,35.69456220724426,-214.3669985775249,-102.06185567010309,-200.75000000000003,34.22370617696162,-99.31506849315068,-9.539842873176196,32.36666666666667,16.990476190476194,2.3333333333333357,3.416666666666668,17.35,10.203571428571426
2021-06-01,28.0,-3.9,12.05,-180.45977011494253,-156.52173913043475,-186.3799283154122,-65.17412935323384,-2050.0,-70.09925558312655,37.483333333333334,18.169047619047625,0.16666666666666874,2.750000000000001,18.825000000000003,10.459523809523805
2021-07-01,19.4,-2.3,8.549999999999999,-181.85654008438817,-227.77777777777777,-178.08219178082192,-30.714285714285715,-41.02564102564102,-29.045643153526974,41.27438889381562,19.347619047619055,-1.9999999999999976,2.0833333333333344,20.3,10.715476190476187
2021-08-01,11.1,5.9,8.5,-208.82352941176472,-296.6666666666667,-228.7878787878788,-42.783505154639165,-356.5217391304348,-0.5847953216374102,19.5,20.526190476190482,-0.0999999999999975,1.4166666666666679,9.7,10.971428571428566
2021-09-01,1.6,-0.1,0.75,-69.81132075471697,-104.16666666666669,-80.51948051948052,-85.58558558558559,-101.69491525423727,-91.17647058823528,10.7,21.70476190476191,1.166666666666669,0.7500000000000009,5.933333333333333,11.227380952380948
2021-10-01,-3.2,0.7,-1.25,-117.67955801104972,-90.4109589041096,-109.84251968503938,-300.0,-799.9999999999999,-266.6666666666667,3.1666666666666665,22.88333333333334,2.166666666666669,0.0833333333333345,2.6666666666666665,11.483333333333327
2021-11-01,-5.7,-0.8,-3.25,78.125,14.285714285714302,66.66666666666666,78.125,-214.28571428571436,160.0,-2.4333333333333336,8.533333333333337,-0.0666666666666644,-0.0833333333333321,-1.25,4.224999999999998
2021-12-01,-1.9,0.3,-0.7999999999999999,-129.23076923076923,-84.21052631578947,-119.04761904761904,-66.66666666666667,-137.5,-75.38461538461539,-3.6,3.5500000000000043,0.0666666666666688,0.6166666666666679,-1.7666666666666666,2.083333333333331
2022-01-01,-4.4,3.1,-0.6500000000000001,4300.0,-157.4074074074074,-76.36363636363636,131.57894736842107,933.3333333333334,-18.74999999999998,-4.000000000000001,-0.4166666666666622,0.8666666666666689,1.5166666666666675,-1.5666666666666669,0.5499999999999976
2022-02-01,-9.7,-6.8,-8.25,-246.96969696969697,78.94736842105263,-689.2857142857143,120.4545454545454,-319.3548387096774,1169.230769230769,-5.333333333333333,-3.883333333333329,-1.133333333333331,-0.5999999999999988,-3.233333333333333,-2.241666666666669
2022-03-01,-3.1,-4.4,-3.75,-105.17529215358933,-115.06849315068492,-108.41750841750842,-68.04123711340206,-35.29411764705882,-54.54545454545454,-5.733333333333333,-4.666666666666663,-2.699999999999998,-1.3166666666666655,-4.216666666666666,-2.991666666666669
2022-04-01,7.2,-0.8,3.2,-87.97996661101837,-102.73972602739728,-92.81705948372615,-332.258064516129,-81.81818181818181,-185.33333333333331,-1.8666666666666665,-2.9333333333333287,-3.999999999999998,-1.5666666666666655,-2.9333333333333336,-2.250000000000002
2022-05-01,53.52179699929056,1.4,30.25,-26.49253731343284,599.9999999999999,-24.937965260545912,720.8333333333334,-275.0,845.3125,21.066666666666663,7.866666666666672,-1.2666666666666648,-1.199999999999999,9.9,3.333333333333331
2022-06-01,25.2,2.9,14.05,-9.999999999999998,-174.35897435897436,16.597510373443967,-57.36040609137056,107.14285714285715,-53.55371900826447,30.5,12.383333333333338,1.1666666666666687,-0.7666666666666656,15.833333333333334,5.808333333333331
2022-07-01,2.3,-2.9,-0.3,-88.14432989690721,26.086956521739136,-103.50877192982458,-90.87301587301587,-200.0,-102.13523131672598,28.86666666666667,13.500000000000004,0.4666666666666687,-1.7666666666666655,14.666666666666666,5.866666666666664
2022-08-01,-4.4,-9.0,-6.7,-139.63963963963965,-252.54237288135596,-178.8235294117647,-291.304347826087,210.3448275862069,1780.3093215346685,7.699999999999999,14.383333333333336,-2.999999999999998,-2.1333333333333324,2.35,6.124999999999997
2022-09-01,-5.5,-5.7,-5.6,-443.75,4178.210154331836,-846.6666666666665,25.0,-36.66666666666667,-16.417910447761198,-2.5333333333333337,13.983333333333336,-5.8666666666666645,-2.349999999999999,-4.2,5.816666666666664
2022-10-01,-18.1,-13.0,-15.55,465.625,-1957.142857142857,1144.0000000000002,229.0909090909091,128.0701754385965,177.67857142857144,-9.333333333333334,9.766666666666673,-9.233333333333333,-4.383333333333332,-9.283333333333331,2.691666666666664
2022-11-01,5.0,10.0,7.5,-187.71929824561403,-1350.0,-330.7692307692308,-127.6243093922652,-176.9230769230769,-148.2315112540193,-6.2,0.750000000000003,-2.899999999999998,-2.9499999999999997,-4.55,-1.1000000000000023
2022-12-01,-11.2,7.9,-1.6499999999999997,489.4736842105263,2533.333333333333,106.24999999999996,-324.0,-21.0,-122.0,-8.1,-5.316666666666664,1.6333333333333355,-2.116666666666666,-3.233333333333333,-3.716666666666669
2023-01-01,-8.2,6.5,-0.8499999999999996,86.36363636363633,109.6774193548387,30.76923076923068,-26.78571428571429,-17.721518987341778,-48.48484848484848,-4.799999999999999,-7.066666666666663,8.133333333333335,-0.5499999999999989,1.666666666666667,-3.808333333333336
2023-02-01,-4.1,12.5,4.2,-57.73195876288659,-283.8235294117647,-150.9090909090909,-50.0,92.3076923076923,-594.1176470588238,-7.833333333333333,-7.016666666666663,8.966666666666669,3.0333333333333345,0.566666666666667,-1.9916666666666687
2023-03-01,-8.0,-1.9,-4.95,158.06451612903226,-56.81818181818182,32.00000000000001,95.1219512195122,-115.2,-217.8571428571429,-6.766666666666666,-7.43333333333333,5.700000000000003,3.666666666666668,-0.5333333333333332,-1.883333333333336
2023-04-01,-2.3,11.4,4.550000000000001,-131.94444444444443,-1525.0,42.18750000000002,-71.25,-700.0000000000001,-191.91919191919197,-4.8,-4.799999999999996,7.333333333333336,7.733333333333334,1.2666666666666668,1.4666666666666643
2023-05-01,1.5,8.9,5.2,-97.46192893401016,535.7142857142858,-82.8099173553719,-165.2173913043478,-21.92982456140351,14.28571428571428,-2.933333333333332,-5.383333333333329,6.133333333333336,7.550000000000001,1.6000000000000003,1.0833333333333313
2023-06-01,-6.8,0.5,-3.15,-126.98412698412696,-82.75862068965517,-122.41992882562278,-553.3333333333334,-94.3820224719101,-160.5769230769231,-2.5333333333333328,-4.649999999999996,6.933333333333335,6.316666666666667,2.2,0.8333333333333313
2023-07-01,-3.6,8.3,2.3500000000000005,-256.52173913043475,-386.2068965517241,-883.3333333333334,-47.05882352941176,1560.0000000000002,-174.60317460317464,-2.9666666666666663,-3.8833333333333298,5.900000000000002,6.616666666666668,1.4666666666666668,1.3666666666666645
2023-08-01,6.0,9.9,7.95,-236.36363636363632,-210.0,-218.6567164179104,-266.66666666666663,19.27710843373493,238.29787234042547,-1.466666666666666,-2.1999999999999966,6.233333333333335,6.183333333333335,2.3833333333333337,1.9916666666666647
2023-09-01,1.0,2.7,1.85,-118.1818181818182,-147.3684210526316,-133.03571428571428,-83.33333333333334,-72.72727272727273,-76.72955974842768,1.1333333333333335,-0.6999999999999963,6.966666666666669,6.950000000000002,4.05,3.124999999999998
2023-10-01,15.9,9.3,12.6,-187.8453038674033,-171.53846153846155,-181.0289389067524,1490.0,244.44444444444449,581.0810810810812,7.633333333333334,2.333333333333337,7.300000000000002,6.600000000000001,7.466666666666668,4.466666666666665
2023-11-01,-4.8,-3.4,-4.1,-196.0,-134.0,-154.66666666666666,-130.18867924528303,-136.55913978494624,-132.53968253968253,4.033333333333334,1.2833333333333372,2.8666666666666685,4.550000000000002,3.4500000000000006,2.9166666666666647
2023-12-01,5.2,3.0,4.1,-146.42857142857144,-62.0253164556962,-348.48484848484856,-208.33333333333331,-188.23529411764704,-200.0,5.433333333333335,3.283333333333337,2.966666666666669,4.966666666666668,4.2,4.124999999999997
2024-01-01,11.6,0.3,5.95,-241.4634146341464,-95.3846153846154,-800.0000000000003,123.07692307692308,-90.0,45.12195121951221,4.000000000000001,5.81666666666667,-0.0333333333333318,3.633333333333334,1.9833333333333332,4.724999999999999
2024-02-01,12.6,-3.2,4.699999999999999,-407.3170731707317,-125.6,11.904761904761884,8.62068965517242,-1166.6666666666667,-21.008403361344552,9.8,6.916666666666671,0.0333333333333346,1.4500000000000008,4.916666666666667,4.183333333333332
2024-03-01,9.5,5.2,7.35,-218.75,-373.6842105263158,-248.48484848484844,-24.603174603174605,-262.5,56.38297872340428,11.233333333333334,8.333333333333337,0.766666666666668,1.866666666666668,6.0,5.099999999999998
2024-04-01,10.5,-2.5,4.0,-556.5217391304349,-121.9298245614035,-12.0879120879121,10.526315789473696,-148.0769230769231,-45.578231292517,10.866666666666667,7.433333333333337,-0.1666666666666652,-0.0999999999999992,5.349999999999999,3.666666666666664
2024-05-01,12.6,2.8,7.699999999999999,740.0,-68.53932584269663,48.07692307692306,20.0,-212.0,92.5,10.866666666666667,10.333333333333336,1.8333333333333348,0.933333333333334,6.349999999999999,5.633333333333332
2024-06-01,8.8,-1.0,3.9,-229.41176470588235,-300.0,-223.80952380952385,-30.15873015873015,-135.71428571428572,-49.35064935064935,10.633333333333336,10.933333333333335,-0.2333333333333319,0.2666666666666674,5.2,5.599999999999998
2024-07-01,8.2,-4.2,2.0,-327.77777777777777,-150.60240963855424,-14.89361702127664,-6.818181818181834,320.0,-48.71794871794874,9.866666666666667,10.36666666666667,-0.7999999999999986,-0.4833333333333326,4.533333333333333,4.941666666666665
2024-08-01,5.4,-4.4,0.5,-9.999999999999998,-144.44444444444443,-93.71069182389935,-34.14634146341462,4.761904761904767,-75.0,7.466666666666666,9.16666666666667,-3.199999999999999,-0.6833333333333327,2.1333333333333333,4.2416666666666645
2024-09-01,6.3,2.2,4.25,530.0,-18.518518518518512,129.72972972972974,16.66666666666665,-150.0,750.0,6.633333333333334,8.633333333333338,-2.133333333333332,-1.183333333333333,2.25,3.724999999999998
2024-10-01,5.5,2.8,4.15,-65.40880503144655,-69.89247311827957,-67.06349206349206,-12.698412698412698,27.27272727272725,-2.35294117647058,5.733333333333334,7.800000000000004,0.2000000000000013,-0.2999999999999994,2.966666666666667,3.749999999999998
2024-11-01,14.1,0.6,7.35,-393.75,-117.64705882352942,-279.26829268292687,156.36363636363637,-78.57142857142857,77.10843373493974,8.633333333333333,8.050000000000004,1.866666666666668,-0.666666666666666,5.25,3.691666666666664
2024-12-01,8.1,-7.1,0.5,55.769230769230745,-336.6666666666667,-87.8048780487805,-42.55319148936171,-1283.3333333333337,-93.19727891156462,9.233333333333333,7.933333333333337,-1.2333333333333318,-1.683333333333333,4.0,3.124999999999998
2025-01-01,7.1,0.1,3.6,-38.793103448275865,-66.66666666666666,-39.49579831932773,-12.34567901234568,-101.40845070422534,619.9999999999999,9.766666666666666,7.7500000000000036,-2.133333333333332,-0.966666666666666,3.8166666666666655,3.3916666666666644
2025-02-01,3.7,-2.1,0.8,-70.63492063492063,-34.375,-82.97872340425532,-47.88732394366196,-2200.0,-77.77777777777777,6.300000000000001,7.466666666666671,-3.0333333333333314,-0.5833333333333326,1.633333333333333,3.4416666666666647
2025-03-01,6.6,-4.7,0.9499999999999996,-30.52631578947369,-190.3846153846154,-87.0748299319728,78.37837837837836,123.8095238095238,18.74999999999996,5.800000000000001,7.516666666666669,-2.233333333333332,-1.7333333333333325,1.7833333333333332,2.8916666666666644
