date,oil_price,oil_price_mom,oil_price_yoy,oil_volatility_1m,oil_volatility_3m,oil_price_30d_avg,oil_price_90d_avg,oil_price_180d_avg,oil_momentum
2000-04-01,22.51,,,,,,,,
2000-05-01,26.6,18.1697023545091,,,,,,,
2000-06-01,28.49,7.105263157894726,,,,,,,
2000-07-01,27.26,-4.317304317304305,,,,,,,
2000-08-01,28.3288488636363,3.9209422730605237,,,,,,,
2000-09-01,31.34,10.629274598689742,,,,,,,
2000-10-01,30.5,-2.680280791320999,,,,,,,
2000-11-01,30.926621590909,1.3987593144557442,,,,,,,
2000-12-01,23.25,-24.82205037606039,,,,,,,
2001-01-01,24.02,3.311827956989255,,,,,,,
2001-02-01,25.92,7.910074937552047,,,,,,,
2001-03-01,23.82,-8.10185185185186,,,,,,,
2001-04-01,24.82,4.19815281276239,10.26210573078632,,,,,,
2001-05-01,26.95,8.581788879935527,1.3157894736842035,,,,,,
2001-06-01,26.63,-1.1873840445269068,-6.528606528606529,,,,,,
2001-07-01,23.99,-9.913631242959076,-11.995597945708003,,,,,,
2001-08-01,25.01,4.251771571488128,-11.71543849032448,,,,,,
2001-09-01,24.79,-0.8796481407437162,-20.899808551372047,,,,,,
2001-10-01,20.05,-19.120613150463896,-34.26229508196721,,,,,,
2001-11-01,18.24,-9.027431421446398,-41.0216859724448,,,,,,
2001-12-01,18.24,0.0,-21.548387096774203,,,,,,
2002-01-01,18.92,3.7280701754386136,-21.232306411323886,,,,,,
2002-02-01,19.5299868421052,3.224031935016902,-24.652828541260806,,,,,,
2002-03-01,23.31,19.35491912234868,-2.1410579345088276,,,,,,
2002-04-01,25.0294056818181,7.376257751257409,0.8436973481792842,,,,,,
2002-05-01,24.9948652173913,-0.13799953888594674,-7.25467451802857,,,,,,
2002-06-01,24.0518137499999,-3.772980807014825,-9.681510514457747,,,,,,
2002-07-01,25.1832217391304,4.704044363932858,4.973829675408092,,,,,,
2002-08-01,25.8558181818181,2.670811739876,3.381919959288693,,,,,,
2002-09-01,27.4952428571428,6.34064125836693,10.912637584279139,3.4717190001942235,,24.86852749079837,,,
2002-10-01,26.9021010869565,-2.1572523409525424,34.17506776536907,3.4614223851321095,,25.014930860363584,,,
2002-11-01,23.6825119047619,-11.967798246641859,29.838332811194633,3.4563338882096497,,24.91768125718898,,,
2002-12-01,27.1101011904761,14.473081654083364,48.629940737259346,3.4161020725363382,,24.871684630204854,,,
2003-01-01,29.5925499999999,9.156914583542374,56.40882663847726,3.4979008858696954,,24.949436296871514,,,
2003-02-01,31.3083805555555,5.798184190127609,60.30927623595199,3.636708582462216,,25.04875401993549,,,
2003-03-01,28.8250392857142,-7.931873912911936,23.659542195256122,3.513587175126825,,24.964921996125963,,,
2003-04-01,24.2145916666666,-15.994592664206909,-3.2554269386564028,3.3560166185543037,,24.75540838501485,,,
2003-05-01,24.9888789473684,3.1976061845703896,-0.02394999921317975,3.148168534848822,,24.557483630230163,,,
2003-06-01,26.425925,5.750742382874829,9.870820033271333,3.1560742290884964,,24.663347796896833,,,
2003-07-01,27.45845,3.907242603617478,9.034698913579774,3.1941106022202046,,24.77796279689683,,,
2003-08-01,28.6635988095238,4.388990673267434,10.85937643884014,3.2663959931557516,,24.869416090547627,,,
2003-09-01,26.2652181818181,-8.367339508355155,-4.473590874303401,3.2698129600661816,,24.950923363274892,,,
2003-10-01,28.4499443181818,8.317943986759113,5.753614657168082,3.331383771779556,,25.071921507214288,,,
2003-11-01,28.2262842105263,-0.7861530594018173,19.18619242771613,3.36418225826294,,25.11446431423183,,,
2003-12-01,28.9666107142857,2.622826647098364,6.848036127809798,3.42694262831844,,25.192351338041355,,,
2004-01-01,29.9995342105263,3.5659107875233076,1.3752928035144052,3.5283760026732334,,25.392669145058896,,,
2004-02-01,29.6472671052631,-1.1742419158614625,-5.305651141376733,3.6116289151062353,,25.547244715234335,,,
2004-03-01,32.2103228260869,8.64516689421535,11.744246059190843,3.8067990740568947,,25.794588809437233,,,
2004-04-01,32.3652047619047,0.48084564893700055,33.65992376595843,3.8299053482108114,,26.205095634834052,,,
2004-05-01,36.0788512499999,11.474194325093002,44.37963113907275,3.934015622642541,,26.799724009834048,,,
2004-06-01,34.1595476190476,-5.319747066371205,29.265286339258132,3.8113636073598633,,27.330375597135635,,,
2004-07-01,36.3533818181818,6.422316312850995,32.39415122915461,3.8138483931131506,,27.911488324408364,,,
2004-08-01,40.5171999999999,11.453729951846213,41.35419724943126,4.134756146264259,,28.611062096338184,,,
2004-09-01,39.1494772727272,-3.375659540325371,49.05445293360682,4.434908584194253,,29.13904467209576,,,
2004-10-01,43.3754666666666,10.794497623812106,52.462395643235716,5.068330759046242,,29.750580038257375,,,
2004-11-01,38.89887,-10.320572919868532,37.81080679933644,5.250883881621676,,30.21404686434433,,,
2004-12-01,36.8162154761904,-5.354023198642022,27.098802960863644,5.251489705403333,,30.639526921884016,,,
2005-01-01,40.9620024999999,11.26076368846396,36.54212832953607,5.47171226449154,,31.165486280579668,,,
2005-02-01,42.6705986111111,4.171173299233133,43.92759528090213,5.762542216503366,,31.7259789615561,,,
2005-03-01,49.2700204545454,15.4659696799188,52.96344814849847,6.531328895394189,,32.45180488146952,,,
2005-04-01,49.4276023809523,0.319833287977378,52.71833669697901,7.137938154853627,,33.20265492460272,,,
2005-05-01,46.9952236842105,-4.921093841442636,30.256984510310957,7.3321220936577935,,33.979745317251,,,
2005-06-01,52.7207454545454,12.183199315760618,54.3367788194828,7.968061222867728,,34.83343345938665,,,
2005-07-01,55.0080833333333,4.338591685430537,51.31489996845775,8.708355051732246,,35.6806179038311,,,
2005-08-01,60.0483363636363,9.162749772175305,48.20455600001097,9.731506584431566,,36.63861643076712,,,
2005-09-01,59.7392136363636,-0.514789827649409,52.59262140386198,10.483309870318365,,37.6690889091221,,,
2005-10-01,56.2790619047618,-5.79209454055416,29.748602677308877,10.696648491771798,,38.737904583725275,,,
2005-11-01,53.1438075,-5.570907365278099,36.6204403881141,10.683860498239882,,39.67640220214632,,,
2005-12-01,55.0456285714285,3.578631567616797,49.514630603537555,10.737521125856285,,40.630392321193945,,,
2006-01-01,60.5429166666666,9.986784124201042,47.802629196819055,11.032958359524448,,41.73320787674949,,,
2006-02-01,58.9533299999999,-2.6255534985513584,38.15913513959679,11.180639977637533,,42.7428655830987,,,
2006-03-01,60.0115739130434,1.7950536687978413,21.801398415102625,11.163254796109014,,43.86774410747287,,,
2006-04-01,67.0550313157894,11.736831653427316,35.663127656845674,11.543310922638632,,45.15458034072646,,,
2006-05-01,67.22359075,0.25137477517052087,43.04345310007716,11.764900746936817,,46.45449055870892,,,
2006-06-01,66.8975349999999,-0.48503173716600845,26.890343494246306,11.85851566855023,,47.71885470156606,,,
2006-07-01,71.2857952380952,6.559674041943864,29.591490774407838,12.12395075859728,,49.095063402485025,,,
2006-08-01,70.7759218181818,-0.7152524822237383,17.864917005497325,12.174269895902356,,50.46601855958231,,,
2006-09-01,60.9334542857142,-13.906519731035349,1.9990900058042493,11.813155658950347,,51.42345627490322,,,
2006-10-01,57.2706847619047,-6.011097789787101,1.7619747443924583,11.291232156123138,,52.25363894156989,,,
2006-11-01,57.7936375,0.9131246470500898,8.74952363923116,10.908104990871733,,52.97746514990322,,,
2006-12-01,60.3446714999999,4.414039521218749,9.626637148298212,10.385537411397658,,53.85030261260163,,,
2007-01-01,52.5294414285714,-12.950986188446656,-13.236024425805725,9.852012757562381,,54.38950459961462,,,
2007-02-01,56.5310447222222,7.61782951583847,-4.108818412425064,9.50208644537497,,54.9232994236887,,,
2007-03-01,60.2621079545454,6.600025261617937,0.41747620528169715,9.065339568196833,,55.6270537797493,,,
2007-04-01,65.48195125,8.661899612592094,-2.345953815726576,8.932619015462501,,56.36393659919375,,,
2007-05-01,65.6954372499999,0.32602266109151845,-2.2732399191278008,8.452854943790745,,57.257155507527074,,,
2007-06-01,68.0992507142857,3.659026509159591,1.7963527569226478,7.744119015156577,,58.29992334879692,,,
2007-07-01,72.5750618181818,6.572482159421411,1.8085883390658974,7.448751870960167,,59.35369199273632,,,
2007-08-01,68.982336590909,-4.950357791321547,-2.534174308432735,6.948930709405599,,60.23074992539625,,,
2007-09-01,74.77660425,8.399639596804587,22.71847235079749,7.11990797044783,16.740411391222697,61.08096938524474,39.46710058583754,,0.5476426815899207
2007-10-01,79.327164347826,6.085539913810667,38.51268703634014,7.514176954043891,17.159822060096786,62.0776214508072,40.098402411924496,,0.5481320381069972
2007-11-01,89.1070135714285,12.328499706255446,54.181355294392894,8.47189815349819,17.858092135366373,63.481347780381135,40.79292478494037,,0.5561852481785448
2007-12-01,87.921265,-1.3307017303166524,45.69847314522237,9.324855790913848,18.485825934311862,64.65469843189628,41.45327217382926,,0.5597007194214887
2008-01-01,89.5175540909091,1.8155893126754918,70.41406048955132,10.182884140332572,19.103282911848687,65.80501412381547,42.14502277483936,,0.5613946746542311
2008-02-01,92.374237368421,3.191198984962007,63.404440555313045,11.211131950666552,19.764274845076557,66.88254415730829,42.8566382026703,,0.5606110736222187
2008-03-01,99.7598194999999,7.995283470782666,65.5431960250161,12.623861745087897,20.61391719523939,68.21656435276284,43.61685841933697,,0.5639953638320707
2008-04-01,105.720153181818,5.974683707019035,61.44930192778582,14.147046930656396,21.578440289677463,69.86460072866471,44.45263789913494,,0.5716637758863865
2008-05-01,120.908961447368,14.366994190245075,84.04468637183504,16.58509973934431,22.98354081447678,72.12343919357698,45.45244167531782,,0.5867891038457105
2008-06-01,129.715355119047,7.2834912865515244,90.47985661879771,19.312516365907463,24.516673379518725,74.61243007849761,46.63539006552946,,0.5999100677330322
2008-07-01,132.471248260869,2.1245697082606485,82.52998336087092,21.809093985885717,26.01223583654141,77.01004113163768,47.84040393509467,,0.6097280707771116
2008-08-01,113.054385238095,-14.657416818883862,63.88888927980172,22.4906468068943,26.796914129903115,78.81340963957419,48.80856377107351,,0.6147455190288371
2008-09-01,96.8128915909091,-14.366089040226926,29.469494585813717,22.433329866222852,27.13458500512687,80.04012022883636,49.61959589986138,,0.6130748100078736
2008-10-01,69.1215266666666,-28.602972671506045,-12.865249583876114,22.39522361502675,27.081426530831337,80.10900340719894,50.11183508504656,,0.5986044668139399
2008-11-01,50.907636,-26.350532959871863,-42.8691031607829,22.911108209349358,26.968710807045362,79.56513824886561,50.37803104060212,,0.5793618092128328
2008-12-01,40.6114332499999,-20.225261982308705,-53.80931649470706,23.893830174332834,26.87046679189639,78.68893485719894,50.53338029893545,,0.5571674483619817
2009-01-01,43.9860576315789,8.309542686674366,-50.86320434212368,24.692019638257165,26.7308327683669,77.7789436036484,50.755558717064105,,0.5324221734455854
2009-02-01,43.217028,-1.748348619965412,-53.21528033012575,25.46217374025083,26.602387066149646,76.860313809709,50.957859028175214,,0.5083112845697071
2009-03-01,46.0217620454545,6.489881824947563,-53.86743653294748,25.925148171837474,26.461492531558953,76.36325740170035,51.19376749534694,,0.4916514477790894
2009-04-01,50.135601875,8.938901177843572,-52.5770627774474,26.138195415892014,26.25284801118167,76.12542130547018,51.528051960624715,,0.47735880571696376
2009-05-01,58.0033604166666,15.692957194934642,-52.02724452983113,26.133151000758566,26.019901138245718,76.13241206935909,51.96986707636545,,0.46493374627048323
2009-06-01,69.1152761363636,19.157365435165573,-46.71773740824078,25.99915726962193,25.830832551372232,76.42476555723786,52.53514792232506,,0.4547358973888185
2009-07-01,64.8246097826086,-6.2079855476372074,-51.0651476198422,25.704734062263284,25.611900108338638,76.83460450237244,53.045199142131814,,0.44847423979874534
2009-08-01,71.9791921052631,11.036830528787767,-36.33224226227638,25.437315036026405,25.436843994371962,77.34954274847381,53.627968089500236,,0.4423358837572291
2009-09-01,67.70165,-5.942748147280641,-30.06959208895553,25.300885499569432,25.27221093523621,77.5975274833223,54.12120864505579,,0.433772996317058
2009-10-01,73.0642886363636,7.920986617554515,5.704101399135286,25.213403713043668,25.15788426294347,77.85027206286775,54.65492956677295,,0.42439616480992104
2009-11-01,77.3908662499999,5.921603692289956,52.022117566016824,25.109187552029727,25.069902973488,78.24011969620106,55.23710735602417,,0.416441291755445
2009-12-01,75.0162226190476,-3.068377117373733,84.71700360156036,25.0445321709186,24.93279378103173,78.47068542635981,55.80337856568024,,0.4061995428108405
2010-01-01,76.60882625,2.1230122970068432,74.16615713020902,25.022606968034662,24.812153282227985,78.60514424075376,56.374774171356584,,0.3943318691056006
2010-02-01,73.6942777777777,-3.804455197774692,70.52139211835136,24.974865314964823,24.662976196845083,78.76220894698272,56.90631261131169,,0.384068046807984
2010-03-01,78.0183,5.867514212244829,69.52479986086439,24.96403695861467,24.560792757954154,78.8702654719827,57.46767991289899,,0.3724282168955244
2010-04-01,84.081729,7.771803538400612,67.70862591743843,24.982123376030685,24.50072717395265,79.0287509603885,58.103009111932806,,0.3601490209937872
2010-05-01,76.1614277777777,-9.419764931596841,31.30519892411887,24.913749184769465,24.29596459362812,78.59723143393349,58.68610817718854,,0.33928171206426083
2010-06-01,74.33109,-2.403234591554959,7.546542754666374,24.861865263511227,24.115616215189466,78.14422560060014,59.21078583062769,,0.31976335906318654
2010-07-01,73.5430522727272,-1.060172435615847,13.449278783715268,24.780811559689663,23.953563074101734,77.61174220666075,59.6991247447691,,0.3000482425575455
2010-08-01,75.126989,2.1537544041535295,4.373203981136009,24.626098557235466,23.814938163218756,77.03683392771339,60.185998171929604,,0.27997933518768026
2010-09-01,76.0929999999999,1.2858375037496872,12.394601904089342,24.24926825204262,23.636089751383853,76.24793994438005,60.71119773542166,,0.25591229935319726
2010-10-01,81.1098142857143,6.59300367407567,11.011570494298217,23.62612582369236,23.408750799676316,75.42759531450993,61.3433668756333,,0.22959659953831357
2010-11-01,84.2556985,3.878549398725206,8.870339075704692,22.090893353923025,23.207319988946054,74.20581988293098,62.00188709288477,,0.19683163468498233
2010-12-01,89.7729823809523,6.548261991979465,19.671424722147734,19.704776054022503,23.076470537870133,72.87440745832782,62.70574328600646,,0.16216479766360758
2011-01-01,93.8684479999999,4.5620246876376,22.52954730526222,16.71192176763473,22.998370756687688,71.5876474496322,63.44363215267312,,0.12836615781014893
2011-02-01,101.620999444444,8.25895347118566,37.89537330276615,15.84136447528847,23.04442430368757,71.20653458984384,64.25426993750557,,0.10819926300773663
2011-03-01,110.714469565217,8.948416341589315,41.90833376940668,16.791074842070937,23.198990193423175,71.66992052232077,65.19259495287666,,0.09935676857357989
2011-04-01,118.635792777777,7.154731665759284,41.09580546063343,18.84038435504634,23.53934572107968,73.32039605935779,66.19465993576105,,0.10764820199260705
2011-05-01,110.80254368421,-6.602770470999319,45.483805801944065,19.543798712158704,23.65184549764558,75.31689298216477,67.1121739299131,,0.12225381136990232
2011-06-01,109.994067727272,-0.7296546902769485,47.978548043990735,19.39997732768092,23.725559911265407,77.62964746474053,68.01247900783517,,0.14140299834972114
2011-07-01,112.527114285714,2.302893793074956,53.008490684365725,19.337083063917852,23.83444500076442,79.91434935321168,68.9294521197817,,0.15936434855656545
2011-08-01,106.93536,-4.96925058569987,42.33947270267948,18.65463618869927,23.795518346658053,82.03829375321168,69.788208707501,,0.17553230370267414
2011-09-01,108.790646818181,1.7349610252221481,42.97063700758432,17.983742495688393,23.8058879413449,84.13058991230258,70.63910119630204,,0.19099179473572958
2011-10-01,106.108369499999,-2.4655403719263003,30.820629333739767,17.222646202035936,23.742736743851882,85.99634883313587,71.45846969339199,,0.20344515075850067
2011-11-01,109.615744285714,3.305464783072587,30.098908723323923,16.90484582562231,23.776826767136814,87.71676162877078,72.2755462826777,,0.21364370302648106
2011-12-01,107.193887999999,-2.2094055023723747,19.405510607992248,16.889551002615196,23.707541850170056,88.98604869089196,73.08703895357715,,0.2175352834777371
2012-01-01,110.468284736842,3.054648728519882,17.68414956305884,16.692676030790814,23.704452134464177,90.50750452269973,73.91053787489561,,0.22455480808294093
2012-02-01,117.666197142857,6.515818022486641,15.78925397912947,17.024765971507865,23.877614749929478,92.03040469061953,74.76774895426068,,0.2308837162787838
2012-03-01,123.610558181818,5.051885064105566,11.64806069815878,17.327137665883917,24.120530430963317,93.8940349633468,75.70620540880613,,0.24024225565563828
2012-04-01,117.974512631578,-4.559517919132761,-0.5574035716503278,17.405331548539227,24.278278670829977,95.39104242985395,76.53508369730514,,0.24637013277628061
2012-05-01,108.053806666666,-8.409194277320998,-2.480752630894434,17.21108318560647,24.16783683874475,96.41314044374282,77.30347188249033,,0.2472032380421576
2012-06-01,94.5076026315789,-12.536535688072181,-14.079363929054301,16.73686755772277,23.84483765049432,97.06285311082719,77.94448729532797,,0.2452818214463408
2012-07-01,100.33814,6.16938447920472,-10.83203311760521,16.29168423239354,23.63055728383601,97.8538302358272,78.60422215643909,,0.24489280030120142
2012-08-01,110.068283,9.697352372686986,2.9297353092559764,15.7770641961904,23.54679260160439,99.06629707656793,79.35308531631564,,0.24842401126146374
2012-09-01,111.7708795,1.5468547828623835,2.7394199492165816,15.423862574050249,23.571239602532103,100.19138305990127,80.04753930570958,,0.2516485069860841
2012-10-01,109.788584090909,-1.773534768589713,3.46835467197526,15.21062219378155,23.548936231711988,101.04827822959824,80.71821688026465,,0.25186459928234894
2012-11-01,107.870747142857,-1.7468455066912636,-1.5919219946257557,14.507076184952803,23.443455074348968,102.10525554176755,81.39461158536072,,0.2544473590206524
2012-12-01,107.280966842105,-0.5467472103172999,0.08123489476004053,13.54735809181826,23.399040644641726,103.20358476983772,82.00083626744473,,0.2585674667175404
2013-01-01,109.551236818181,2.1161908238740645,-0.8301458838123499,12.37311083475298,23.398406978422887,104.4038575880195,82.60687130616525,,0.26386408221500424
2013-02-01,112.675573888888,2.8519413942285077,-4.241339802891697,11.147926969002201,23.485752488339923,105.65547708431579,83.19161838977915,,0.2700255041233399
2013-03-01,106.44967,-5.525513360178225,-13.883027820791948,9.648986200198456,23.47778042005473,106.66736608431577,83.71062346048622,,0.27423929813001324
2013-04-01,101.574804047619,-4.579503113895045,-13.901060676701892,8.425679780927604,23.368371763955565,107.3495324097126,84.21390948429575,,0.27472448514851555
2013-05-01,101.097049736842,-0.47034726304077124,-6.438234009917698,7.32281347357326,23.198055454173932,107.910910784274,84.74672328692733,,0.2733343142828022
2013-06-01,101.1111285,0.013925988141738621,6.9872959259836165,6.612558041365965,23.043044907572604,108.28884898824226,85.25856217502256,,0.2701228618650888
2013-07-01,104.859751086956,3.7074282945580794,4.506373236494121,6.068106508337109,22.982385098896945,108.65522575780747,85.75097144635912,,0.2671019805971053
2013-08-01,108.454698947368,3.428339113098655,-1.4659845767122537,5.921436231234495,22.926122522777117,108.88301574123825,86.30098665688541,,0.26166594333543647
2013-09-01,109.465711428571,0.9321979508639222,-2.062404878391433,5.912500303813545,22.881553346640693,108.84139047001672,86.85047707372462,,0.25320429014597945
2013-10-01,107.373520681818,-1.9112749731848289,-2.199740008570694,5.619450523794929,22.884321131814392,108.46598140015142,87.29846028890272,,0.242473017750801
2013-11-01,106.554804523809,-0.7624935391986609,-1.2199253772714247,5.612056394587493,22.872194937372306,108.32439009480473,87.73547377527838,,0.23467037258226764
2013-12-01,108.71841975,2.030518694919614,1.3398955566933157,5.603795898488651,22.868910980264577,108.28186849556232,88.2001502725006,,0.2276834921597961
2014-01-01,105.294998571428,-3.1488879128709013,-3.8851576398146515,5.570331370960926,22.867261813104964,108.04079797175281,88.57803030953762,,0.21972454788396378
2014-02-01,106.188254749999,0.8483367592859281,-5.757520387946979,5.577109848560129,22.862168649357436,108.01589446341944,88.9715006754467,,0.2140504953090938
2014-03-01,105.295287857142,-0.8409281186128714,-1.0844393814071873,5.5968423412054085,22.72870700046504,107.89938249805145,89.46440993735146,,0.20605928741506596
2014-04-01,105.5553393,0.24697348585134282,3.9188214928919773,5.603851193553938,22.529245509072297,107.8809481580515,90.00090609888585,,0.19866513387676865
2014-05-01,106.853226444444,1.2295798138218794,5.693713834959047,5.597054670669198,22.333882214082706,107.78886423000917,90.54601264271301,,0.19043192608972204
2014-06-01,109.053918190476,2.059546369595311,7.855504936309754,5.600537688695007,22.183469823850395,107.85086523635839,91.0872264948294,,0.18403940252237883
2014-07-01,106.296156181818,-2.5288059836981014,1.3698345456407468,5.585080690263089,21.854974433239143,107.71179428452427,91.68463443653216,,0.17480747942651997
2014-08-01,101.8919881,-4.143299475744666,-6.051107892109697,5.353331163749113,21.556172914372517,107.18598731642902,92.18864491850748,,0.16268101577128968
2014-09-01,96.9590940454545,-4.8412972860085945,-11.425146029656386,4.705948601983886,21.290920945613834,106.29760517855024,92.59638920840645,,0.14796706531727177
2014-10-01,86.8276383809524,-10.4492061979792,-19.134961925808135,5.422254468151937,21.10354837336423,105.25937603686272,92.83356350986148,,0.13385043143023667
2014-11-01,77.58145135,-10.648898442204736,-27.191034044208763,7.3810824981251875,20.968568607706597,104.24363085964052,92.96563033319481,,0.12131365630528856
2014-12-01,61.2110982380952,-21.10085958311323,-43.69758282096885,10.667359762031529,21.072662857035837,103.13374737985775,92.88909530568158,,0.11028907150471046
2015-01-01,46.5866174285714,-23.891877830125484,-55.756096623175445,14.848010792462558,21.5273118229983,101.34202996081011,92.6003348124637,,0.094402414052285
2015-02-01,56.4303821666666,21.130026779016696,-46.858169672793196,16.854802970701414,21.72182245453078,99.55409993303235,92.46086865219432,,0.07671603548870287
2015-03-01,55.1767760909091,-2.2215091013471855,-47.59805760180886,18.52470968264791,21.997611151581758,97.66762981939597,92.24309278375998,65.85509668479875,0.05880697266246715
2015-04-01,59.0703075999999,7.056467928963128,-44.03854130759267,19.65992963149739,22.23361634166113,95.97702060303233,92.01801659767304,66.05820950479877,0.043024226686705136
2015-05-01,63.821381,8.04308220666876,-40.271919600684654,20.37300306753492,22.42970822785082,94.50870839827044,91.73706512465716,66.26499495479877,0.030212905436281634
2015-06-01,61.7454641904761,-3.2526980409964823,-43.380792533625346,21.072863645344142,22.648385601938056,92.9908583098828,91.44622289344022,66.44974753363475,0.016891188805496116
2015-07-01,56.3000302272727,-8.81916434607245,-47.034744952609266,21.857965943040178,22.948836355319994,91.21581809018586,91.07713929495536,66.61108103489737,0.0015226520760758255
2015-08-01,47.3274333333333,-15.93710848416724,-53.551369233384015,22.877991829977244,23.406898170682613,89.03754673833403,90.57661925012107,66.71662872639568,-0.016991940354243007
2015-09-01,46.1048685999999,-2.5832052305112874,-52.44915492054216,23.923241074765798,23.849479929945915,87.02605335833404,89.98045312900996,66.79865577417347,-0.03283379520705498
2015-10-01,46.6752607272727,1.2371624615644228,-46.24377491129371,24.853624888532096,24.220860992569943,85.19606858098918,89.32439876840388,66.88851833376943,-0.04621727371620432
2015-11-01,42.50400515,-8.936759028826181,-45.21370197336479,25.84350138329825,24.480701056484524,83.2429670947611,88.45323258732202,66.95283713131992,-0.05890418405474651
2015-12-01,35.6808883809523,-16.052879593272163,-41.70846560837227,27.01780167355901,24.705507784306597,81.06195909079284,87.40840517912098,67.02189762232523,-0.07260681710554873
2016-01-01,28.0787982,-21.305776077622983,-39.72775927968667,28.29235095489528,25.01471121705596,78.50259399456098,86.24848906733354,67.0444465012141,-0.08980905238496861
2016-02-01,30.5255918947368,8.714025711886752,-45.90575019573719,29.01574434044732,25.528413687376933,75.9049570928066,85.33150247462956,67.07003312285153,-0.11046969886210112
2016-03-01,36.4213091428571,19.314014511007183,-33.99159624177851,29.16674647782508,26.012346351687174,73.47014368328281,84.66048489187344,67.1400403958674,-0.13217903515297236
2016-04-01,39.8790945714285,9.493852664682546,-32.488764335758134,29.064342173249262,26.38853275953655,71.22032947960315,84.33556897970412,67.22370203237533,-0.15551255133237118
2016-05-01,45.00680585,12.858143680737587,-29.480050188823093,28.653516012223392,26.47969390889706,69.16872952380952,84.27000420025968,67.3240176204309,-0.1792010670910068
2016-06-01,46.9631119318181,4.3466894503425335,-23.940790554357992,27.923221665280327,26.370265003357716,67.11021926320345,84.34057840783544,67.43697935338544,-0.20429500804835898
2016-07-01,43.519136675,-7.333362537427512,-22.701397318400407,27.280620994368984,26.378338135970054,65.05102386665585,84.33539039720678,67.54547455713544,-0.22866280027547758
2016-08-01,44.3849789285714,1.9895667049590005,-6.2172279321335955,26.385882017371767,26.35816160920291,62.99091467260826,84.34836762974646,67.65311332896084,-0.2532052908348903
2016-09-01,44.4808601666666,0.2160218173123507,-3.5224228647585787,25.339018999579977,26.383824610907148,60.963767082925756,84.33124649775992,67.76250699655344,-0.277091592799531
2016-10-01,49.2526210833333,10.727672303969072,5.521898144544557,23.97051833186611,26.396844185908378,59.087009809036864,84.32143560007474,67.92474378034973,-0.2992646604206476
2016-11-01,44.4561943181818,-9.738419315869818,4.5929534435457775,22.334183156040613,26.586548996497697,57.007108738161456,84.1709115323138,68.07038930433963,-0.3227219748442901
2016-12-01,52.7356491249999,18.623849687988137,47.798027229479054,20.0596579704827,26.746351390895846,55.129833102645584,83.98891567663198,68.2620317994785,-0.34360584776564485
2017-01-01,54.07752825,2.5445389357385606,92.59203283849946,17.578914044154118,26.856637281294585,53.38921217158498,83.869503659603,68.4573514008674,-0.36342520413292145
2017-02-01,54.8626847,1.4519089082071668,79.72684981567674,15.014309289100884,27.001995086652972,51.821568724918315,83.67932024398895,68.6536441667446,-0.3807123603081506
2017-03-01,51.4696296521739,-6.184631806445484,41.3173520212907,12.361238512685212,27.163640483372962,50.3052532451423,83.49896446234645,68.81008655370111,-0.3975344057371242
2017-04-01,52.4906910555555,1.9838133871990626,31.62458079768595,10.276852072057748,27.338446186673398,49.160688334295735,83.27036893367081,68.96264925022189,-0.4096256692046749
2017-05-01,50.567623025,-3.6636363360508017,12.355502840022137,8.774398032771773,27.548664539978216,48.260227390129074,82.97233289783748,69.10472012693081,-0.41835759337331
2017-06-01,46.555774,-7.933631808275021,-0.8673571981547501,8.42969420159978,27.80318868612433,47.77171658219256,82.65610569095917,69.2297421283197,-0.4220424954351826
2017-07-01,47.8576328809523,2.7963424707584172,9.969168824170627,8.426726074910809,28.037639053819703,47.8140837639386,82.33664798685862,69.3557110791076,-0.4192855194740259
2017-08-01,50.6335708809523,5.800408070548002,14.07816811727396,8.287652774149736,28.222272824098678,47.620856721081445,82.08041791022724,69.49336526076947,-0.41982682430826324
2017-09-01,54.52330775,7.682130257399988,22.577008505917085,8.267944216182947,28.368554525299313,47.599074443051144,81.8193624407828,69.64352117684089,-0.41824192925603365
2017-10-01,56.0595180952381,2.817529619226189,13.820375164172116,8.141201936520247,28.496932849472117,47.49871479289242,81.50800454184099,69.8055068268869,-0.41725091836213923
2017-11-01,61.3159045454545,9.376438879275529,37.92432187650705,7.9792229196423055,28.571097486110222,47.415198911074235,81.34305428370408,70.01458123044631,-0.4170959115242714
2017-12-01,62.2900801578947,1.5887812789551647,18.11759443834251,8.013496494348042,28.63242733319873,47.43335277665486,81.20926528545846,70.21002555804307,-0.41591205621769867
2018-01-01,67.0601533863636,7.657837678772572,24.00743073230902,8.6403257588711,28.660071708950436,47.79202354862455,81.13723307560998,70.41817891018954,-0.4109729684263669
2018-02-01,63.5373357631578,-5.2532203481689965,15.811568665646792,9.104644442176308,28.713367502884886,48.33235362961871,81.00845915075617,70.59722866134288,-0.4033665849677187
2018-03-01,63.7954132142857,0.40618236195788526,23.947682634221557,9.518864461891367,28.76623371675003,48.922038450094895,80.87181929758157,70.79150851650161,-0.3950669234968245
2018-04-01,69.2190984375,8.50168523087451,31.869283954062166,10.200805330014893,28.79242258922385,49.673499707102465,80.73970023260141,71.04153355411736,-0.3847698274331084
2018-05-01,75.25204525,8.715725787655737,48.814677749033855,11.11809489321945,28.795710443291757,50.76510104376914,80.63965964093474,71.32077336690976,-0.37046980022222853
2018-06-01,73.825793025,-1.8953002808916986,58.574945021857005,11.507883213438953,28.787941676206753,52.0365978652374,80.46246864809083,71.58410596704864,-0.3532811167797536
2018-07-01,73.4682748636363,-0.4842727002507541,53.51422634377143,11.229850972912848,28.76150117497904,53.549580420691946,80.23580005768679,71.83971610517996,-0.33259741434382617
2018-08-01,72.5347376,-1.270667189843544,43.254240888008624,10.87338345980993,28.681809415068653,54.949885277534044,79.9126193705263,72.08344465401593,-0.31237537061886267
2018-09-01,77.8833896374999,7.37391795224458,42.8442125973179,11.070335611640877,28.49381923581526,56.33195462735547,79.54782959355167,72.37021227321416,-0.2918479999368597
2018-10-01,80.08267025,2.8238121411207517,42.852940893907764,11.437295151961875,28.187733535606526,57.67207381664119,79.11946156546524,72.65706075061316,-0.2710760074002526
2018-11-01,65.3992193690476,-18.33536623480959,6.659470905409326,11.263272588704623,28.020121756353486,58.351820933942776,78.61498018418568,72.86357705704938,-0.2577518839637013
2018-12-01,57.7726383529411,-11.661578058095346,-7.252265197769303,11.057398631678073,27.903480932067147,58.712138481313545,78.03474208002645,73.0236105439308,-0.24761539647170383
2019-01-01,59.2680025795454,2.5883606309770935,-11.619643578689898,10.678579900842527,27.72795770410772,59.237100678131725,77.44297417218012,73.18621314598091,-0.2350874780915697
2019-02-01,64.534530625,8.885955011536328,1.5694628203476446,10.340535827377375,27.581050941357713,59.90875240134601,76.97185384579123,73.38003127664612,-0.22167975164831266
2019-03-01,66.74,3.417502775088943,4.615671624891848,9.987930986139855,27.391499331260704,60.65072372912379,76.50462443670034,73.57186281650118,-0.20722800516057704
2019-04-01,71.0009224999999,6.3843609529516065,2.5741798184626408,9.921150829476113,27.2145865493525,61.37566710967935,76.1145416922559,73.78650569282394,-0.1936407190385293
2019-05-01,70.0137243421052,-1.3904018752639358,-6.961034601109118,9.506843889607293,26.98602734441482,62.227584777143456,75.67451924843802,73.97503276555787,-0.17769434949627538
2019-06-01,62.3744249999999,-10.91114551309641,-15.51133764472027,9.336340186839086,26.810815960273025,62.548877306310125,75.1765252151047,74.13178208434093,-0.16797328517995125
2019-07-01,63.6270103260869,2.008171339594722,-13.395257416640938,9.199342286880256,26.571605806745396,62.86719337551302,74.65606661054075,74.28330224271818,-0.1579091126850668
2019-08-01,59.3498171052631,-6.722291679120696,-18.17738773309756,9.100658726203179,26.2197057305506,63.01676445568845,74.00810683234528,74.38792789330297,-0.14851538361271865
2019-09-01,61.7232732142857,3.999095910966366,-20.749118006329436,8.840872776683268,25.71080571291422,63.35855257442552,73.32047033270602,74.51333787075609,-0.13586816496234067
2019-10-01,59.7034204545454,-3.2724329974010646,-25.447765080553875,8.630709751169741,25.30416423471666,63.59897688772518,72.67301375296121,74.6040487251332,-0.12486116092668986
2019-11-01,62.5325726190476,4.738676851280488,-4.383304231543683,8.276960976943629,25.042608307356936,63.9978085408601,72.16722226354322,74.73534707301678,-0.11320116621434761
2019-12-01,65.5020425,4.748676979983868,13.379004953588748,7.594932949266403,24.938295208280437,64.62935082419344,71.84493826208124,74.8947127787046,-0.10043278778480202
2020-01-01,64.3097470238095,-1.8202416759607098,8.506688642826155,6.904762001044537,24.76433789237947,65.17775462895534,71.44462278456801,75.02442247050355,-0.08771644262871392
2020-02-01,54.6273599999999,-15.055862403291487,-15.351735774711228,6.648417696087304,24.480702650893296,65.3108809329236,70.82861252901246,75.09084892266405,-0.07790257918477117
2020-03-01,33.3587380681818,-38.93401023190237,-50.01687433595774,8.653240724667883,24.40241593413731,64.60539527686299,69.95736651310337,75.00245290940647,-0.07650332628284284
2020-04-01,19.9016837499999,-40.34041782598933,-71.96982370193862,11.822376286587193,24.592591591356687,63.400134132021705,68.95862317598215,74.83842002812341,-0.08060614884631911
2020-05-01,30.605539617647,53.78366977440867,-56.28637112903693,13.252186178415485,24.567558359369826,62.37645530109479,68.10012087014648,74.7473662277536,-0.08404780338004969
2020-06-01,40.6338686363636,32.76638524920605,-34.8549206884654,13.83410613117111,24.3769970783502,61.654581583710424,67.35959755674935,74.68021691209704,-0.08469492366299458
2020-07-01,43.347552547619,6.678379397099543,-31.87240399090915,14.187508434757822,24.086670631472916,60.864161555752275,66.62400106485423,74.61543618550974,-0.08645292112515301
2020-08-01,44.1900176052631,1.9435123971961676,-25.543127577145707,14.498133527289632,23.69405833051613,60.21925095048912,65.86305043948063,74.52733441462989,-0.08568991948190152
2020-09-01,41.3541066590909,-6.417537488906633,-33.000788024443914,14.881136005270362,23.433309546563148,59.47120739864929,65.13976640235941,74.42519493142281,-0.08702148191162073
2020-10-01,40.658228,-1.6827316929549196,-31.89966723773434,15.147224728419099,23.24811989245273,58.51917838406596,64.46291555738587,74.3384125208408,-0.09220397684353421
2020-11-01,43.3406405,6.597465339610964,-30.691096360237836,15.051828482347291,23.021560053735797,57.45546489239929,63.82117767697651,74.28395048195192,-0.0997429539266188
2020-12-01,49.8398169523809,14.99557084852241,-23.911049106016968,14.786995173186567,22.720835842110958,56.655932356645316,63.25149643755851,74.25502930629054,-0.10427522592171856
2021-01-01,54.7945696249999,9.941354073095777,-14.79585574374408,14.443931784390715,22.299660008674955,56.03347551535744,62.695216643536774,74.22309404494794,-0.10625597110630758
2021-02-01,61.2161172894736,11.719313991187708,12.061277150266303,14.14272756889739,21.759906358418945,55.65618817167322,62.17034351400463,74.23566508544504,-0.10477914346514772
2021-03-01,64.7294967826086,5.739304694090985,94.04060384511017,13.624261444235634,21.170358797097517,55.217725076510185,61.67327446238282,74.26187576805373,-0.10467336852383524
2021-04-01,63.3969765,-2.0585982416699733,218.55081859594074,12.895266092056147,20.603630806287253,54.66153528484352,61.184646193695954,74.24155324129933,-0.10661352667141077
2021-05-01,66.9530848529411,5.609271213337919,118.76132781640712,12.942915234147042,20.038937579230378,54.7133308009733,60.74462708624186,74.24005043076012,-0.09928937874136023
2021-06-01,71.9826474772727,7.512070034381191,77.14938275125203,13.313451470654655,19.415204977666377,55.186997771784355,60.33645183876711,74.26830105563386,-0.08534565606779931
2021-07-01,73.5390605238095,2.1622058941749733,69.6498561090016,13.713253781460953,18.86986762492826,55.662699703259825,59.98360808268247,74.28081919611004,-0.07203481947045653
2021-08-01,69.8047244249999,-5.078030739324635,57.96491653057421,13.863756017998648,18.248372550532444,55.83837282992649,59.57934663462693,74.27542365503682,-0.0627897755851895
2021-09-01,73.1307382954545,4.764740349384455,76.84032905926195,14.084385142930069,17.648080969158567,56.05139743977497,59.221962750608164,74.34318634397982,-0.05353698465187451
2021-10-01,82.1073937857143,12.274804958201457,101.94533265373566,14.62643107844583,17.121615887247422,56.421613149298786,58.96143002267166,74.48116806077876,-0.043075903559263606
2021-11-01,80.6373010238095,-1.790451132502724,86.05470545320968,15.088170905032149,16.509754983461537,56.77573237202226,58.670141962442386,74.60807730257771,-0.0322891598188535
2021-12-01,73.2988235238095,-9.100599110867059,47.06880563755349,15.357378588069723,15.693760848135858,57.139878989482575,58.272863132812766,74.68004481382108,-0.019442740281148452
2022-01-01,84.6663187999999,15.508428007030584,54.51589341687444,16.125039607667762,15.104637663311966,57.841189271946355,58.03253160634812,74.85858302144014,-0.003297156424256986
2022-02-01,94.0677151944444,11.104057112312438,53.66494864354912,17.43005494118891,14.870058652066206,58.99845254158573,57.94559524073084,75.06712007961916,0.018169755552270406
2022-03-01,112.874792543478,19.99312655798866,74.37922145843868,20.015870492535544,15.423573239756998,60.70350318589213,58.122436335153324,75.35941277177987,0.04440740983147218
2022-04-01,102.965997868421,-8.778571771230714,62.41468213933041,21.44853263486958,15.848996337547637,62.14558909968799,58.30175144056964,75.56765747521555,0.0659300546577335
2022-05-01,109.505037736842,6.350678868549564,63.55488022301587,23.126613680743684,16.623631869575558,63.7113379369478,58.65645795597899,75.8110441445869,0.08617772291607584
2022-06-01,116.011385049999,5.9415963389673365,61.16576580019179,25.022345920447325,17.687808016529264,65.39498268861443,59.26535003166681,76.0772226686742,0.10342692068253068
2022-07-01,105.491247375,-9.06819418668694,43.449272568345435,26.06848952576543,18.292855378476215,66.76769936698744,59.919845919960466,76.26009036621208,0.11428356234717585
2022-08-01,97.4044654285714,-7.665832140254947,39.538500052708336,26.547060236167425,18.710151010120686,68.19360288127316,60.375113511759395,76.41799108197687,0.12949854525724325
2022-09-01,90.7063448095238,-6.876605286602045,24.033131517231944,26.011520403653883,18.972227659174283,70.10518977265124,60.76988649752179,76.5064896406409,0.1536172570523091
2022-10-01,91.6989487,1.0943048058662308,11.681718870919177,24.4916923166129,19.24911546403151,72.49843193765125,61.13242695418845,76.57522177593074,0.18592432117868118
2022-11-01,87.5522660681818,-4.52206125654111,8.575392475413501,23.311202444908027,19.44787093149275,74.39665615266907,61.39610345494604,76.5665842898016,0.2117488238852674
2022-12-01,78.100942275,-10.795064728332138,6.5514267764893,22.42685875736966,19.52742502505918,75.64555860729027,61.577830989218526,76.51202694132937,0.22845441926226373
2023-01-01,80.9222696842105,3.6124114857364775,-4.422123423877267,21.59468031826688,19.62488822445936,76.89804917851,61.85141142762893,76.46427536129217,0.24327072581822717
2023-02-01,82.278706675,1.6762221278306066,-12.532470354016489,20.706782325998695,19.679990516424663,78.16767214750122,62.23975890920302,76.40818907966204,0.2559121937077915
2023-03-01,78.5394802826087,-4.544585766474441,-30.41893720216031,19.505226618909077,19.67817980429446,79.40718460161847,62.600143483454225,76.29029830623209,0.2684824695746344
2023-04-01,83.7553584166666,6.64109071678296,-18.657265358903675,18.088551330328915,19.729121196644734,80.84375561550738,63.012144568891934,76.16827166864792,0.2829868935363711
2023-05-01,74.9815478249999,-10.4755215159115,-31.526850842065855,16.69522464996258,19.646643879112005,81.89845252634069,63.373006154169715,75.91311937074587,0.29232393248165445
2023-06-01,74.9282520249999,-0.07107855405222852,-35.41301830617136,15.628258944683884,19.45975970644374,82.734733695428,63.809087972436906,75.60874657577894,0.2965979662828946
2023-07-01,80.3684924285714,7.260599649056743,-23.815013635323034,14.722932300411415,19.159267476532225,83.58719778888039,64.3900845749766,75.31928682115507,0.29813772323206744
2023-08-01,86.4267037619047,7.53804277057657,-11.27028583172801,14.108678049223851,18.95410999262323,84.42755067129475,65.01120804016733,75.17135525739845,0.2986614649451058
2023-09-01,93.5393394,8.229673617646881,3.1232595651663253,13.69612776686602,18.942316256588686,85.38787875854113,65.64585282080226,75.15316885633784,0.30073531060111236
2023-10-01,90.0803430227272,-3.6979055010012196,-1.7651300262647385,13.070920073512383,18.914154489063787,86.27732430929872,66.20364447026114,75.26960672498264,0.30321109962541004
2023-11-01,83.4553682142857,-7.354517740646294,-4.679373861900515,12.567170269973387,18.86415568433701,86.82740042134353,66.6308507187532,75.45042745950644,0.3031110887033299
2023-12-01,77.4197216315789,-7.232184953290566,-0.8722310174216097,12.383570354428727,18.780365663152264,87.00863622648707,66.96925749319499,75.65491795051521,0.2992325058304306
2024-01-01,79.2165415454545,2.320881393020535,-2.1078599814518317,12.212831631308234,18.65608881066272,87.19788559387524,67.36589532508893,75.85064286114786,0.2943921426870777
2024-02-01,81.62188139999989,3.0364110924549825,-0.7982931447799158,11.816644258671346,18.55333124444386,87.59179082637523,67.77963868588259,76.06400315781451,0.2923024159557699
2024-03-01,84.48688315,3.5100903101703107,7.572500920544356,11.515475407141457,18.467900706461613,87.97032898819342,68.22415005236407,76.277698275062,0.28943092615552657
2024-04-01,89.43747625,5.85959963892928,6.784184248924086,11.46443759239875,18.48983399777574,88.21466507033627,68.6706484431048,76.49604202158977,0.2846050979615278
2024-05-01,83.6249381578947,-6.498996098523413,11.527356507854037,11.409188923249932,18.374086229323773,88.31425297480578,69.1058567079905,76.63838412015215,0.2779561267575499
2024-06-01,82.5528710526315,-1.2819944969513775,10.175893366747202,11.110408268524528,18.344391716589303,88.62272122576651,69.43715917385308,76.71303742524252,0.27630107971263107
2024-07-01,84.1481652173913,1.9324514634296852,4.7029285664144105,11.117171506410289,18.33533925962798,88.60544943967956,69.77127736237965,76.82039051099132,0.26994162625801676
2024-08-01,78.2706875,-6.9846772085965565,-9.436916956099084,11.22313853878205,18.28744302056002,88.07888184986474,70.03136628237964,76.85534326318431,0.25770617546877683
2024-09-01,73.6948886904762,-5.846120630438811,-21.215085371368147,10.494168437065397,18.18374251968668,86.77288505476467,70.27831360502745,76.88863903368694,0.23470357502370787
2024-10-01,75.1247045454545,1.9401832072555747,-16.602554980834615,10.240765142645675,18.091251710680872,85.84484194399914,70.5298026438041,76.90008578873744,0.21714280667337782
2024-11-01,73.0169869047619,-2.805625198056294,-12.507741003216843,9.471726690826689,17.96726403138938,84.6285735829298,70.7792400202459,76.87578645904168,0.19566943017080152
2024-12-01,73.3368468749999,0.4380624068413219,-5.273688241877661,7.619423798288474,17.782394147328745,83.2060889770965,71.0768074966348,76.86645659379697,0.17065034161862114
